-- phpMyAdmin SQL Dump
-- version 5.0.1
-- https://www.phpmyadmin.net/
--
-- Hôte : 127.0.0.1
-- Généré le : ven. 08 mai 2020 à 22:57
-- Version du serveur :  10.4.11-MariaDB
-- Version de PHP : 7.4.3

SET SQL_MODE = "NO_AUTO_VALUE_ON_ZERO";
SET AUTOCOMMIT = 0;
START TRANSACTION;
SET time_zone = "+00:00";


/*!40101 SET @OLD_CHARACTER_SET_CLIENT=@@CHARACTER_SET_CLIENT */;
/*!40101 SET @OLD_CHARACTER_SET_RESULTS=@@CHARACTER_SET_RESULTS */;
/*!40101 SET @OLD_COLLATION_CONNECTION=@@COLLATION_CONNECTION */;
/*!40101 SET NAMES utf8mb4 */;

--
-- Base de données : `netflixdz`
--

-- --------------------------------------------------------

--
-- Structure de la table `category`
--

CREATE TABLE `category` (
  `id` int(11) NOT NULL,
  `name` varchar(45) NOT NULL,
  `date_insert` datetime NOT NULL DEFAULT current_timestamp()
) ENGINE=InnoDB DEFAULT CHARSET=utf8;

--
-- Déchargement des données de la table `category`
--

INSERT INTO `category` (`id`, `name`, `date_insert`) VALUES
(1, 'Autres choses', '2020-05-04 06:50:14'),
(2, 'Comédie', '2020-05-04 06:50:52'),
(3, 'Drame', '2020-05-04 06:51:56'),
(4, 'Caméra cachée', '2020-05-04 06:52:20'),
(5, 'Expérience sociale', '2020-05-04 06:52:39'),
(6, 'Historique', '2020-05-04 06:52:39'),
(7, 'Émission', '2020-05-04 06:52:39');

-- --------------------------------------------------------

--
-- Structure de la table `episodes`
--

CREATE TABLE `episodes` (
  `id` int(11) NOT NULL,
  `num` int(11) NOT NULL,
  `serie_id` varchar(255) NOT NULL,
  `season_id` int(11) NOT NULL,
  `date_insert` datetime NOT NULL DEFAULT current_timestamp(),
  `url` varchar(255) NOT NULL
) ENGINE=InnoDB DEFAULT CHARSET=utf8;

--
-- Déchargement des données de la table `episodes`
--

INSERT INTO `episodes` (`id`, `num`, `serie_id`, `season_id`, `date_insert`, `url`) VALUES
(1, 1, '1', 1, '2020-05-05 04:54:26', 'https://www.youtube.com/watch?v=a-uj7VtGD_k'),
(2, 2, '1', 1, '2020-05-05 04:54:26', 'https://www.youtube.com/watch?v=ZLHujPKYyts'),
(3, 3, '1', 1, '2020-05-05 04:54:26', 'https://www.youtube.com/watch?v=7oaXw47BSvw'),
(4, 4, '1', 1, '2020-05-05 04:54:26', 'https://www.youtube.com/watch?v=MHn532s-VEA'),
(5, 5, '1', 1, '2020-05-05 04:54:26', 'https://www.youtube.com/watch?v=NW7loc0wYF4'),
(6, 6, '1', 1, '2020-05-05 04:54:26', 'https://www.youtube.com/watch?v=RNdKRTpCarA'),
(7, 7, '1', 1, '2020-05-05 04:54:26', 'https://www.youtube.com/watch?v=ZfnByWMe7JE'),
(8, 8, '1', 1, '2020-05-05 04:54:26', 'https://www.youtube.com/watch?v=6iV1ozti198'),
(9, 9, '1', 1, '2020-05-05 04:54:26', 'https://www.youtube.com/watch?v=QYG63En8qbQ'),
(10, 10, '1', 1, '2020-05-05 04:54:27', 'https://www.youtube.com/watch?v=bvHLj-3O8E8'),
(11, 11, '1', 1, '2020-05-05 04:54:27', 'https://www.youtube.com/watch?v=z7LPp47ugvc'),
(12, 12, '1', 1, '2020-05-05 04:54:27', 'https://www.youtube.com/watch?v=WCzhvF2UItU'),
(13, 13, '1', 1, '2020-05-05 04:54:27', 'https://www.youtube.com/watch?v=mwwX1vK42Js'),
(14, 14, '1', 1, '2020-05-05 04:54:27', 'https://www.youtube.com/watch?v=LVbW7v4EFpg'),
(15, 15, '1', 1, '2020-05-05 04:54:27', 'https://www.youtube.com/watch?v=L8XDvIDlwmQ'),
(16, 16, '1', 1, '2020-05-05 04:54:27', 'https://www.youtube.com/watch?v=VTmiInkD450'),
(17, 17, '1', 1, '2020-05-05 04:54:27', 'https://www.youtube.com/watch?v=coKB43LjPW4'),
(18, 18, '1', 1, '2020-05-05 04:54:27', 'https://www.youtube.com/watch?v=PpDFQU_EOYg'),
(19, 19, '1', 1, '2020-05-05 04:54:27', 'https://www.youtube.com/watch?v=D_KTJXI1M64'),
(20, 20, '1', 1, '2020-05-05 04:54:27', 'https://www.youtube.com/watch?v=bhogDt6AZcQ'),
(21, 21, '1', 1, '2020-05-05 04:54:27', 'https://www.youtube.com/watch?v=Np5r8b4FUD4'),
(22, 22, '1', 1, '2020-05-05 04:54:27', 'https://www.youtube.com/watch?v=BT56bFAcQxk'),
(23, 23, '1', 1, '2020-05-05 04:54:27', 'https://www.youtube.com/watch?v=OoEss7xy1R4'),
(24, 24, '1', 1, '2020-05-05 04:54:27', 'https://www.youtube.com/watch?v=1ZXQfqpvjDw'),
(25, 25, '1', 1, '2020-05-05 04:54:27', 'https://www.youtube.com/watch?v=JpuTPxz_lj0'),
(26, 26, '1', 1, '2020-05-05 04:54:27', 'https://www.youtube.com/watch?v=qqqKNOWe664'),
(27, 27, '1', 1, '2020-05-05 04:54:28', 'https://www.youtube.com/watch?v=mwbEhFyl_VY'),
(28, 28, '1', 1, '2020-05-05 04:54:28', 'https://www.youtube.com/watch?v=J1DvtN7L7ZU'),
(29, 29, '1', 1, '2020-05-05 04:54:28', 'https://www.youtube.com/watch?v=kTRHhXapLNc'),
(30, 30, '1', 1, '2020-05-05 04:54:28', 'https://www.youtube.com/watch?v=sUeXJ4vkzCs'),
(31, 1, '2', 2, '2020-05-05 05:28:06', 'https://www.youtube.com/watch?v=IldDp0ECHuQ'),
(32, 2, '2', 2, '2020-05-05 05:28:06', 'https://www.youtube.com/watch?v=w651sRPs82o'),
(33, 3, '2', 2, '2020-05-05 05:28:07', 'https://www.youtube.com/watch?v=fEC6khbSvns'),
(34, 4, '2', 2, '2020-05-05 05:28:07', 'https://www.youtube.com/watch?v=PV2wY0DpK_0'),
(35, 5, '2', 2, '2020-05-05 05:28:07', 'https://www.youtube.com/watch?v=n4WZMq12rXI'),
(36, 6, '2', 2, '2020-05-05 05:28:07', 'https://www.youtube.com/watch?v=Pc4s_YmcX8g'),
(37, 7, '2', 2, '2020-05-05 05:28:07', 'https://www.youtube.com/watch?v=0Nc57mZuH1Y'),
(38, 8, '2', 2, '2020-05-05 05:28:07', 'https://www.youtube.com/watch?v=nsfvwuimiQI'),
(39, 9, '2', 2, '2020-05-05 05:28:07', 'https://www.youtube.com/watch?v=gnpJzUau9-0'),
(40, 10, '2', 2, '2020-05-05 05:28:07', 'https://www.youtube.com/watch?v=O6rYNJ3xQDk'),
(41, 11, '2', 2, '2020-05-05 05:28:07', 'https://www.youtube.com/watch?v=TAcBZlmI9eQ'),
(42, 12, '2', 2, '2020-05-05 05:28:07', 'https://www.youtube.com/watch?v=1ikDGAsL_Xk'),
(43, 13, '2', 2, '2020-05-05 05:28:08', 'https://www.youtube.com/watch?v=uK8tQVcsies'),
(44, 14, '2', 2, '2020-05-05 05:28:08', 'https://www.youtube.com/watch?v=HSUImZGY1Hk'),
(45, 15, '2', 2, '2020-05-05 05:28:08', 'https://www.youtube.com/watch?v=BXPthJXu1Oc'),
(46, 1, '3', 3, '2020-05-05 05:35:05', 'https://www.youtube.com/watch?v=6QIRDwrbuVw'),
(47, 2, '3', 3, '2020-05-05 05:35:05', 'https://www.youtube.com/watch?v=68yEj5-0Ak8'),
(48, 3, '3', 3, '2020-05-05 05:35:06', 'https://www.youtube.com/watch?v=BunmLOaMUYA'),
(49, 4, '3', 3, '2020-05-05 05:35:06', 'https://www.youtube.com/watch?v=_tXaeMtuSJM'),
(50, 5, '3', 3, '2020-05-05 05:35:06', 'https://www.youtube.com/watch?v=ft59MV2Mj60'),
(51, 6, '3', 3, '2020-05-05 05:35:06', 'https://www.youtube.com/watch?v=bsQlSzf3fDY'),
(52, 7, '3', 3, '2020-05-05 05:35:06', 'https://www.youtube.com/watch?v=hIaRhapr0Fo'),
(53, 8, '3', 3, '2020-05-05 05:35:06', 'https://www.youtube.com/watch?v=IXPcuUoNPco'),
(54, 9, '3', 3, '2020-05-05 05:35:07', 'https://www.youtube.com/watch?v=LPRW-7ALB8A'),
(55, 10, '3', 3, '2020-05-05 05:35:07', 'https://www.youtube.com/watch?v=-g83ZiEPyAw'),
(56, 11, '3', 3, '2020-05-05 05:35:07', 'https://www.youtube.com/watch?v=hEEE8PAoQ_s'),
(57, 12, '3', 3, '2020-05-05 05:35:07', 'https://www.youtube.com/watch?v=NAf_hkddn1U'),
(58, 13, '3', 3, '2020-05-05 05:35:07', 'https://www.youtube.com/watch?v=7ziDfbXml4k'),
(59, 14, '3', 3, '2020-05-05 05:35:07', 'https://www.youtube.com/watch?v=mJ8ZTYCgvdU'),
(60, 15, '3', 3, '2020-05-05 05:35:07', 'https://www.youtube.com/watch?v=GKl3GMGpvrc'),
(61, 16, '3', 3, '2020-05-05 05:35:07', 'https://www.youtube.com/watch?v=LlRP_7wZ9tg'),
(62, 17, '3', 3, '2020-05-05 05:35:07', 'https://www.youtube.com/watch?v=GGiKj31zTkw'),
(63, 18, '3', 3, '2020-05-05 05:35:07', 'https://www.youtube.com/watch?v=e4Nr8gP6UsE'),
(64, 19, '3', 3, '2020-05-05 05:35:08', 'https://www.youtube.com/watch?v=6f36CHRGWzE'),
(65, 20, '3', 3, '2020-05-05 05:35:08', 'https://www.youtube.com/watch?v=QXUjL-kmySw'),
(66, 21, '3', 3, '2020-05-05 05:35:08', 'https://www.youtube.com/watch?v=WmGNfSHhmco'),
(67, 22, '3', 3, '2020-05-05 05:35:08', 'https://www.youtube.com/watch?v=_E8LQjmsayc'),
(68, 23, '3', 3, '2020-05-05 05:35:08', 'https://www.youtube.com/watch?v=aiczhO_cndA'),
(69, 24, '3', 3, '2020-05-05 05:35:08', 'https://www.youtube.com/watch?v=Pe_p5mx5-EI'),
(70, 25, '3', 3, '2020-05-05 05:35:08', 'https://www.youtube.com/watch?v=t5oIyyMXui0'),
(71, 26, '3', 3, '2020-05-05 05:35:08', 'https://www.youtube.com/watch?v=Yijy3dQOOaA'),
(72, 27, '3', 3, '2020-05-05 05:35:08', 'https://www.youtube.com/watch?v=lLKHCPIxg04'),
(73, 28, '3', 3, '2020-05-05 05:35:08', 'https://www.youtube.com/watch?v=9p9cD0VIQNA'),
(74, 29, '3', 3, '2020-05-05 05:35:08', 'https://www.youtube.com/watch?v=oaJkfeASKQY'),
(75, 30, '3', 3, '2020-05-05 05:35:08', 'https://www.youtube.com/watch?v=Rubjio5yVBI'),
(76, 1, '4', 4, '2020-05-05 05:45:06', 'https://www.youtube.com/watch?v=4W93NZdD49Y'),
(77, 2, '4', 4, '2020-05-05 05:45:06', 'https://www.youtube.com/watch?v=nM1bB4Jeg2o'),
(78, 3, '4', 4, '2020-05-05 05:45:06', 'https://www.youtube.com/watch?v=PyBfI_jUbrI'),
(79, 4, '4', 4, '2020-05-05 05:45:07', 'https://www.youtube.com/watch?v=xsgO-HTdgt4'),
(80, 5, '4', 4, '2020-05-05 05:45:07', 'https://www.youtube.com/watch?v=CjKbchw57rs'),
(81, 6, '4', 4, '2020-05-05 05:45:07', 'https://www.youtube.com/watch?v=GXgI7AY2XYY'),
(82, 7, '4', 4, '2020-05-05 05:45:07', 'https://www.youtube.com/watch?v=wDdSjbCvQ_U'),
(83, 8, '4', 4, '2020-05-05 05:45:07', 'https://www.youtube.com/watch?v=HTf5qsr9Iwk'),
(84, 9, '4', 4, '2020-05-05 05:45:07', 'https://www.youtube.com/watch?v=_pIy_OCLLuw'),
(85, 10, '4', 4, '2020-05-05 05:45:07', 'https://www.youtube.com/watch?v=GRTAwofYZv0'),
(86, 11, '4', 4, '2020-05-05 05:45:07', 'https://www.youtube.com/watch?v=xIyoebG5SAk'),
(87, 12, '4', 4, '2020-05-05 05:45:07', 'https://www.youtube.com/watch?v=U_7fdge-ZwE'),
(88, 13, '4', 4, '2020-05-05 05:45:07', 'https://www.youtube.com/watch?v=FLak-c2fwjs'),
(89, 14, '4', 4, '2020-05-05 05:45:07', 'https://www.youtube.com/watch?v=xRPkvEAj4QE'),
(90, 15, '4', 4, '2020-05-05 05:45:07', 'https://www.youtube.com/watch?v=qje4ZK_MQIY'),
(91, 16, '4', 4, '2020-05-05 05:45:07', 'https://www.youtube.com/watch?v=DfgQ003A5Dg'),
(92, 17, '4', 4, '2020-05-05 05:45:07', 'https://www.youtube.com/watch?v=R7xFjF11D7A'),
(93, 18, '4', 4, '2020-05-05 05:45:07', 'https://www.youtube.com/watch?v=IJycG7WBHT4'),
(94, 19, '4', 4, '2020-05-05 05:45:07', 'https://www.youtube.com/watch?v=wOVQkQN7i-4'),
(95, 20, '4', 4, '2020-05-05 05:45:08', 'https://www.youtube.com/watch?v=x66RXn7aMpw'),
(96, 21, '4', 4, '2020-05-05 05:45:08', 'https://www.youtube.com/watch?v=kkXFXt1fA_k'),
(97, 22, '4', 4, '2020-05-05 05:45:08', 'https://www.youtube.com/watch?v=RsTPwDNu7_8'),
(98, 23, '4', 4, '2020-05-05 05:45:08', 'https://www.youtube.com/watch?v=H869nq975P4'),
(99, 24, '4', 4, '2020-05-05 05:45:08', 'https://www.youtube.com/watch?v=1k2Ulhy90q4'),
(100, 25, '4', 4, '2020-05-05 05:45:08', 'https://www.youtube.com/watch?v=miwEXqVQRiE'),
(101, 26, '4', 4, '2020-05-05 05:45:08', 'https://www.youtube.com/watch?v=rQWhK1OcaqA'),
(102, 27, '4', 4, '2020-05-05 05:45:08', 'https://www.youtube.com/watch?v=Wdto8kFo24s'),
(103, 28, '4', 4, '2020-05-05 05:45:08', 'https://www.youtube.com/watch?v=rNjtz8LMWM8'),
(104, 29, '4', 4, '2020-05-05 05:45:08', 'https://www.youtube.com/watch?v=G0RaslkH1LI'),
(105, 30, '4', 4, '2020-05-05 05:45:08', 'https://www.youtube.com/watch?v=zFV8Gous7B8'),
(106, 1, '5', 5, '2020-05-05 13:40:46', 'https://www.youtube.com/watch?v=NjW-qvKoWQ8'),
(107, 2, '5', 5, '2020-05-05 13:40:46', 'https://www.youtube.com/watch?v=SEIarW-1H24'),
(108, 3, '5', 5, '2020-05-05 13:40:46', 'https://www.youtube.com/watch?v=6UbiZqUL3Xc'),
(109, 4, '5', 5, '2020-05-05 13:40:46', 'https://www.youtube.com/watch?v=EQim9ho5F6Y'),
(110, 5, '5', 5, '2020-05-05 13:40:46', 'https://www.youtube.com/watch?v=eiwZCYJ0EqQ'),
(111, 6, '5', 5, '2020-05-05 13:40:46', 'https://www.youtube.com/watch?v=T1zG_TEPM6M'),
(112, 7, '5', 5, '2020-05-05 13:40:46', 'https://www.youtube.com/watch?v=BA959mAvLEg'),
(113, 8, '5', 5, '2020-05-05 13:40:46', 'https://www.youtube.com/watch?v=Ti5TdGCbd_k'),
(114, 9, '5', 5, '2020-05-05 13:40:46', 'https://www.youtube.com/watch?v=hjBePCuurEk'),
(115, 1, '6', 6, '2020-05-05 13:42:53', 'https://www.youtube.com/watch?v=SOhUDzUnZsY'),
(116, 2, '6', 6, '2020-05-05 13:42:53', 'https://www.youtube.com/watch?v=cneC4n48Awk'),
(117, 3, '6', 6, '2020-05-05 13:42:53', 'https://www.youtube.com/watch?v=17Xx_155n_8'),
(118, 4, '6', 6, '2020-05-05 13:42:53', 'https://www.youtube.com/watch?v=1uIX2rsnn5A'),
(119, 5, '6', 6, '2020-05-05 13:42:53', 'https://www.youtube.com/watch?v=dhRQK-QVtOQ'),
(120, 6, '6', 6, '2020-05-05 13:42:54', 'https://www.youtube.com/watch?v=le7qL4JZn_g'),
(121, 7, '6', 6, '2020-05-05 13:42:54', 'https://www.youtube.com/watch?v=n1ad0E23S-A'),
(122, 8, '6', 6, '2020-05-05 13:42:54', 'https://www.youtube.com/watch?v=4ZZcVbkFSI8'),
(123, 9, '6', 6, '2020-05-05 13:42:54', 'https://www.youtube.com/watch?v=I1webSF5hRU'),
(124, 10, '6', 6, '2020-05-05 13:42:54', 'https://www.youtube.com/watch?v=Nkrq23UtSgI'),
(125, 11, '6', 6, '2020-05-05 13:42:54', 'https://www.youtube.com/watch?v=rnZKlUlYGM8'),
(126, 12, '6', 6, '2020-05-05 13:42:54', 'https://www.youtube.com/watch?v=eGMbQQbVYuE'),
(127, 13, '6', 6, '2020-05-05 13:42:54', 'https://www.youtube.com/watch?v=hVy-cuegI_w'),
(128, 14, '6', 6, '2020-05-05 13:42:54', 'https://www.youtube.com/watch?v=Y03ER4cPQng'),
(129, 15, '6', 6, '2020-05-05 13:42:55', 'https://www.youtube.com/watch?v=S5q_eCvAJZM'),
(130, 16, '6', 6, '2020-05-05 13:42:56', 'https://www.youtube.com/watch?v=07__GsbEYoE'),
(131, 17, '6', 6, '2020-05-05 13:42:56', 'https://www.youtube.com/watch?v=49nRqqazP5I'),
(132, 18, '6', 6, '2020-05-05 13:42:56', 'https://www.youtube.com/watch?v=F1e9ZSXZ-Kc'),
(133, 19, '6', 6, '2020-05-05 13:42:56', 'https://www.youtube.com/watch?v=ggzsvpJExqw'),
(134, 20, '6', 6, '2020-05-05 13:42:57', 'https://www.youtube.com/watch?v=dEGMF63WD00'),
(135, 21, '6', 6, '2020-05-05 13:42:57', 'https://www.youtube.com/watch?v=o6HfHdUyvNo'),
(136, 22, '6', 6, '2020-05-05 13:42:57', 'https://www.youtube.com/watch?v=vG-PQ-QLL8Q'),
(137, 1, '7', 7, '2020-05-05 13:47:11', 'https://www.youtube.com/watch?v=rD4mfIYnC9U'),
(138, 2, '7', 7, '2020-05-05 13:47:12', 'https://www.youtube.com/watch?v=Kixk75NuKtE'),
(139, 3, '7', 7, '2020-05-05 13:47:12', 'https://www.youtube.com/watch?v=MwU9kXjcvnc'),
(140, 4, '7', 7, '2020-05-05 13:47:12', 'https://www.youtube.com/watch?v=Mp9QN20CuaY'),
(141, 5, '7', 7, '2020-05-05 13:47:12', 'https://www.youtube.com/watch?v=nzw8h-ztapQ'),
(142, 6, '7', 7, '2020-05-05 13:47:12', 'https://www.youtube.com/watch?v=3iNpqVeF6lM'),
(143, 7, '7', 7, '2020-05-05 13:47:13', 'https://www.youtube.com/watch?v=W1PvkC0Xc2M'),
(144, 8, '7', 7, '2020-05-05 13:47:13', 'https://www.youtube.com/watch?v=1hGr-NyJmxM'),
(145, 9, '7', 7, '2020-05-05 13:47:14', 'https://www.youtube.com/watch?v=nubYCKg1ExM'),
(146, 10, '7', 7, '2020-05-05 13:47:14', 'https://www.youtube.com/watch?v=tepyqwdNIM8'),
(147, 11, '7', 7, '2020-05-05 13:47:14', 'https://www.youtube.com/watch?v=WGohMDi74EE'),
(148, 12, '7', 7, '2020-05-05 13:47:14', 'https://www.youtube.com/watch?v=ePH9-BfvAIM'),
(149, 13, '7', 7, '2020-05-05 13:47:14', 'https://www.youtube.com/watch?v=U_8Cd2Ecx-w'),
(150, 14, '7', 7, '2020-05-05 13:47:15', 'https://www.youtube.com/watch?v=eLvIEHmXFZY'),
(151, 15, '7', 7, '2020-05-05 13:47:15', 'https://www.youtube.com/watch?v=wYc5YHzCmKY'),
(152, 16, '7', 7, '2020-05-05 13:47:16', 'https://www.youtube.com/watch?v=0M8Uk92YqsE'),
(153, 17, '7', 7, '2020-05-05 13:47:16', 'https://www.youtube.com/watch?v=5apdEEoVlac'),
(154, 18, '7', 7, '2020-05-05 13:47:16', 'https://www.youtube.com/watch?v=KvbWjAo-zuE'),
(155, 19, '7', 7, '2020-05-05 13:47:16', 'https://www.youtube.com/watch?v=YSi4gIggPMw'),
(156, 20, '7', 7, '2020-05-05 13:47:17', 'https://www.youtube.com/watch?v=UF1EQljfRjw'),
(157, 21, '7', 7, '2020-05-05 13:47:17', 'https://www.youtube.com/watch?v=1_HE-9QnBJo'),
(158, 22, '7', 7, '2020-05-05 13:47:17', 'https://www.youtube.com/watch?v=ssSeYA9rjow'),
(159, 23, '7', 7, '2020-05-05 13:47:18', 'https://www.youtube.com/watch?v=fWqLgtdHEFs'),
(160, 24, '7', 7, '2020-05-05 13:47:18', 'https://www.youtube.com/watch?v=a1JnyzbJOf0'),
(161, 25, '7', 7, '2020-05-05 13:47:18', 'https://www.youtube.com/watch?v=-7brWvwhbBo'),
(162, 26, '7', 7, '2020-05-05 13:47:19', 'https://www.youtube.com/watch?v=cpMRcF5IyV4'),
(163, 27, '7', 7, '2020-05-05 13:47:19', 'https://www.youtube.com/watch?v=jhguIVFDt28'),
(164, 28, '7', 7, '2020-05-05 13:47:19', 'https://www.youtube.com/watch?v=s22cknm-gxA'),
(165, 29, '7', 7, '2020-05-05 13:47:19', 'https://www.youtube.com/watch?v=hM60PPGFuRQ'),
(166, 30, '7', 7, '2020-05-05 13:47:20', 'https://www.youtube.com/watch?v=Q9fYftY01RU'),
(167, 31, '7', 7, '2020-05-05 13:47:20', 'https://www.youtube.com/watch?v=gxrH51o-RHM'),
(168, 1, '9', 8, '2020-05-05 13:58:30', 'https://www.youtube.com/watch?v=R8lth4u2f7Y'),
(169, 2, '9', 8, '2020-05-05 13:58:30', 'https://www.youtube.com/watch?v=Yc9h9Z65Elc'),
(170, 3, '9', 8, '2020-05-05 13:58:30', 'https://www.youtube.com/watch?v=aUuPj-uE_7c'),
(171, 4, '9', 8, '2020-05-05 13:58:30', 'https://www.youtube.com/watch?v=AbDNavNQslU'),
(172, 5, '9', 8, '2020-05-05 13:58:31', 'https://www.youtube.com/watch?v=y3duG9BKOV0'),
(173, 6, '9', 8, '2020-05-05 13:58:31', 'https://www.youtube.com/watch?v=3GQbBx--uNA'),
(174, 7, '9', 8, '2020-05-05 13:58:32', 'https://www.youtube.com/watch?v=6NEQM4bFYjo'),
(175, 8, '9', 8, '2020-05-05 13:58:32', 'https://www.youtube.com/watch?v=Wgt6FYZbBpU'),
(176, 9, '9', 8, '2020-05-05 13:58:32', 'https://www.youtube.com/watch?v=oG1zXxQ4vV4'),
(177, 10, '9', 8, '2020-05-05 13:58:32', 'https://www.youtube.com/watch?v=csF9SQ5aYNs'),
(178, 11, '9', 8, '2020-05-05 13:58:32', 'https://www.youtube.com/watch?v=7FSaa0Te1Hw'),
(179, 12, '9', 8, '2020-05-05 13:58:32', 'https://www.youtube.com/watch?v=QNgqJnafaek'),
(180, 13, '9', 8, '2020-05-05 13:58:33', 'https://www.youtube.com/watch?v=eGPL_zCDbak'),
(181, 14, '9', 8, '2020-05-05 13:58:33', 'https://www.youtube.com/watch?v=v1p_RtDLIuk'),
(182, 15, '9', 8, '2020-05-05 13:58:33', 'https://www.youtube.com/watch?v=xOAP1FJsfU0'),
(183, 16, '9', 8, '2020-05-05 13:58:33', 'https://www.youtube.com/watch?v=1EOCZCYNztk'),
(184, 17, '9', 8, '2020-05-05 13:58:33', 'https://www.youtube.com/watch?v=uHT8JYG0bi0'),
(185, 18, '9', 8, '2020-05-05 13:58:33', 'https://www.youtube.com/watch?v=dgfTWdNj-eE'),
(186, 19, '9', 8, '2020-05-05 13:58:33', 'https://www.youtube.com/watch?v=L8yrsob2mmU'),
(187, 20, '9', 8, '2020-05-05 13:58:33', 'https://www.youtube.com/watch?v=X_TeZ5TcFiQ'),
(188, 21, '9', 8, '2020-05-05 13:58:34', 'https://www.youtube.com/watch?v=ktM18dXw0IU'),
(189, 22, '9', 8, '2020-05-05 13:58:34', 'https://www.youtube.com/watch?v=_TFtTY4jFTE'),
(190, 23, '9', 8, '2020-05-05 13:58:35', 'https://www.youtube.com/watch?v=fGQAYTN68lg'),
(191, 24, '9', 8, '2020-05-05 13:58:35', 'https://www.youtube.com/watch?v=6A3VMqsbAdI'),
(192, 25, '9', 8, '2020-05-05 13:58:35', 'https://www.youtube.com/watch?v=MJGyPZSxTVw'),
(193, 26, '9', 8, '2020-05-05 13:58:35', 'https://www.youtube.com/watch?v=AngJsDVZwtQ'),
(194, 27, '9', 8, '2020-05-05 13:58:35', 'https://www.youtube.com/watch?v=DEydNabj9LE'),
(195, 28, '9', 8, '2020-05-05 13:58:35', 'https://www.youtube.com/watch?v=oqaQEYha2x4'),
(196, 29, '9', 8, '2020-05-05 13:58:35', 'https://www.youtube.com/watch?v=E5nLhH_dZ2k'),
(197, 30, '9', 8, '2020-05-05 13:58:35', 'https://www.youtube.com/watch?v=7KC974Gc1os'),
(198, 1, '10', 9, '2020-05-05 19:05:48', 'https://www.youtube.com/watch?v=GYDxdqnKob4'),
(199, 2, '10', 9, '2020-05-05 19:05:48', 'https://www.youtube.com/watch?v=sE5eeB3OvIE'),
(200, 3, '10', 9, '2020-05-05 19:05:48', 'https://www.youtube.com/watch?v=NaGe6NVrbvI'),
(201, 4, '10', 9, '2020-05-05 19:05:48', 'https://www.youtube.com/watch?v=e1gLfKSMdqk'),
(202, 5, '10', 9, '2020-05-05 19:05:49', 'https://www.youtube.com/watch?v=4aW8FInpNKs'),
(203, 6, '10', 9, '2020-05-05 19:05:49', 'https://www.youtube.com/watch?v=UpZXWmy2RZw'),
(204, 7, '10', 9, '2020-05-05 19:05:49', 'https://www.youtube.com/watch?v=f29GGwTnubs'),
(205, 8, '10', 9, '2020-05-05 19:05:49', 'https://www.youtube.com/watch?v=2ZN8Q1c6HvI'),
(206, 9, '10', 9, '2020-05-05 19:05:49', 'https://www.youtube.com/watch?v=cb5p9XhPD00'),
(207, 10, '10', 9, '2020-05-05 19:05:49', 'https://www.youtube.com/watch?v=cyVP4ft22_A'),
(208, 11, '10', 9, '2020-05-05 19:05:50', 'https://www.youtube.com/watch?v=XN6KyIUg3zs'),
(209, 1, '11', 10, '2020-05-05 19:07:29', 'https://www.youtube.com/watch?v=uAccANTkNjw'),
(210, 2, '11', 10, '2020-05-05 19:07:30', 'https://www.youtube.com/watch?v=-qTRD_9-LFA'),
(211, 3, '11', 10, '2020-05-05 19:07:30', 'https://www.youtube.com/watch?v=XLK9166Za4s'),
(212, 4, '11', 10, '2020-05-05 19:07:30', 'https://www.youtube.com/watch?v=TfKmB9M9CTc'),
(213, 5, '11', 10, '2020-05-05 19:07:30', 'https://www.youtube.com/watch?v=ayZJkDA6NKo'),
(214, 6, '11', 10, '2020-05-05 19:07:30', ''),
(215, 7, '11', 10, '2020-05-05 19:07:30', 'https://www.youtube.com/watch?v=CwHFhq48AQw'),
(216, 8, '11', 10, '2020-05-05 19:07:30', 'https://www.youtube.com/watch?v=QYz109Z6syU'),
(217, 9, '11', 10, '2020-05-05 19:07:30', 'https://www.youtube.com/watch?v=Ig3xgbpY12E'),
(218, 10, '11', 10, '2020-05-05 19:07:31', 'https://www.youtube.com/watch?v=mRsiGDMNgSQ'),
(219, 11, '11', 10, '2020-05-05 19:07:31', 'https://www.youtube.com/watch?v=vsdCUBjpQ8g'),
(220, 12, '11', 10, '2020-05-05 19:07:31', 'https://www.youtube.com/watch?v=tjvDx-qaFDg'),
(221, 13, '11', 10, '2020-05-05 19:07:31', 'https://www.youtube.com/watch?v=UYDt0qc6kIE'),
(222, 14, '11', 10, '2020-05-05 19:07:31', 'https://www.youtube.com/watch?v=yw2a7iA3ins'),
(223, 15, '11', 10, '2020-05-05 19:07:31', 'https://www.youtube.com/watch?v=eBZJrpOElk4'),
(224, 16, '11', 10, '2020-05-05 19:07:31', 'https://www.youtube.com/watch?v=fb8cvGV8Q1E'),
(225, 17, '11', 10, '2020-05-05 19:07:31', 'https://www.youtube.com/watch?v=l0X77IqiwSM'),
(226, 18, '11', 10, '2020-05-05 19:07:31', 'https://www.youtube.com/watch?v=9r3XZuIYZeQ'),
(227, 1, '12', 11, '2020-05-05 19:19:13', 'https://www.youtube.com/watch?v=_cdf5xS3kFQ'),
(228, 2, '12', 11, '2020-05-05 19:19:13', 'https://www.youtube.com/watch?v=GWHs0y-y_zU'),
(229, 3, '12', 11, '2020-05-05 19:19:13', 'https://www.youtube.com/watch?v=8cxny1bG39I'),
(230, 4, '12', 11, '2020-05-05 19:19:13', 'https://www.youtube.com/watch?v=P6OBL9kNttk'),
(231, 5, '12', 11, '2020-05-05 19:19:14', 'https://www.youtube.com/watch?v=vPvv2R7JM-Y'),
(232, 6, '12', 11, '2020-05-05 19:19:14', 'https://www.youtube.com/watch?v=NBVsHw_prNI'),
(233, 7, '12', 11, '2020-05-05 19:19:14', 'https://www.youtube.com/watch?v=XEjubeuBS6U'),
(234, 8, '12', 11, '2020-05-05 19:19:14', 'https://www.youtube.com/watch?v=RS2ArmoUSW0'),
(235, 9, '12', 11, '2020-05-05 19:19:14', 'https://www.youtube.com/watch?v=1pJjQQ7jSUw'),
(236, 10, '12', 11, '2020-05-05 19:19:14', 'https://www.youtube.com/watch?v=h8ALritdNtw'),
(237, 11, '12', 11, '2020-05-05 19:19:14', 'https://www.youtube.com/watch?v=vghtdHMf1ms'),
(238, 12, '12', 11, '2020-05-05 19:19:14', 'https://www.youtube.com/watch?v=ZO7UTT5-cjU'),
(239, 13, '12', 11, '2020-05-05 19:19:14', 'https://www.youtube.com/watch?v=c104Oh7Kb5w'),
(240, 14, '12', 11, '2020-05-05 19:19:14', 'https://www.youtube.com/watch?v=uewp-A9sbO0'),
(241, 15, '12', 11, '2020-05-05 19:19:14', 'https://www.youtube.com/watch?v=667MwN9JHN0'),
(242, 16, '12', 11, '2020-05-05 19:19:14', 'https://www.youtube.com/watch?v=q6mpqGxfck4'),
(243, 17, '12', 11, '2020-05-05 19:19:14', 'https://www.youtube.com/watch?v=E_mV8XYGZSw'),
(244, 18, '12', 11, '2020-05-05 19:19:15', 'https://www.youtube.com/watch?v=q1DRnJQJa48'),
(245, 19, '12', 11, '2020-05-05 19:19:15', 'https://www.youtube.com/watch?v=WOe8jy0tI_4'),
(246, 20, '12', 11, '2020-05-05 19:19:15', 'https://www.youtube.com/watch?v=MUni0EBBhBI'),
(247, 21, '12', 11, '2020-05-05 19:19:15', 'https://www.youtube.com/watch?v=8k-8KCjrJOc'),
(248, 22, '12', 11, '2020-05-05 19:19:15', 'https://www.youtube.com/watch?v=Wzhw-4RY_WQ'),
(249, 23, '12', 11, '2020-05-05 19:19:15', 'https://www.youtube.com/watch?v=RjLYqM9D1uI'),
(250, 24, '12', 11, '2020-05-05 19:19:15', 'https://www.youtube.com/watch?v=saC5q0goxE0'),
(251, 25, '12', 11, '2020-05-05 19:19:15', 'https://www.youtube.com/watch?v=w5WNOeREhLU'),
(252, 26, '12', 11, '2020-05-05 19:19:15', 'https://www.youtube.com/watch?v=LoIesAEWD1g'),
(253, 27, '12', 11, '2020-05-05 19:19:15', 'https://www.youtube.com/watch?v=o7lSPsMXFPA'),
(254, 28, '12', 11, '2020-05-05 19:19:16', 'https://www.youtube.com/watch?v=_E3vHG3_sHo'),
(255, 29, '12', 11, '2020-05-05 19:19:16', 'https://www.youtube.com/watch?v=Mxau260UOzg'),
(256, 30, '12', 11, '2020-05-05 19:19:16', 'https://www.youtube.com/watch?v=tRXoNYkHKlY'),
(257, 1, '13', 12, '2020-05-05 19:23:13', 'https://www.youtube.com/watch?v=FeYZDVSAYhM'),
(258, 2, '13', 12, '2020-05-05 19:23:13', 'https://www.youtube.com/watch?v=wf--uyF2T1c'),
(259, 3, '13', 12, '2020-05-05 19:23:13', 'https://www.youtube.com/watch?v=6NNLXB78bTo'),
(260, 4, '13', 12, '2020-05-05 19:23:14', 'https://www.youtube.com/watch?v=g_xeoPa7fSk'),
(261, 5, '13', 12, '2020-05-05 19:23:14', 'https://www.youtube.com/watch?v=P0iU81VAA8Y'),
(262, 6, '13', 12, '2020-05-05 19:23:14', 'https://www.youtube.com/watch?v=QrKf4ztWOpQ'),
(263, 7, '13', 12, '2020-05-05 19:23:14', 'https://www.youtube.com/watch?v=RFQz66-5Yus'),
(264, 8, '13', 12, '2020-05-05 19:23:14', 'https://www.youtube.com/watch?v=dI9DYHqjBQ0'),
(265, 9, '13', 12, '2020-05-05 19:23:14', 'https://www.youtube.com/watch?v=SHQonsQpi9k'),
(266, 10, '13', 12, '2020-05-05 19:23:14', 'https://www.youtube.com/watch?v=M0XMx3Sxe0M'),
(267, 11, '13', 12, '2020-05-05 19:23:14', 'https://www.youtube.com/watch?v=YMcb_LLd24I'),
(268, 1, '14', 13, '2020-05-07 04:23:27', 'https://www.youtube.com/watch?v=KbFBAAe7Jqk'),
(269, 2, '14', 13, '2020-05-07 04:23:28', 'https://www.youtube.com/watch?v=za-bJM6WJkY'),
(270, 3, '14', 13, '2020-05-07 04:23:28', 'https://www.youtube.com/watch?v=-pZi2a3NsQE'),
(271, 4, '14', 13, '2020-05-07 04:23:28', 'https://www.youtube.com/watch?v=nhwY4VjctQ8'),
(272, 5, '14', 13, '2020-05-07 04:23:28', 'https://www.youtube.com/watch?v=0Nzi1UjxC1o'),
(273, 6, '14', 13, '2020-05-07 04:23:28', 'https://www.youtube.com/watch?v=2hjoYnYX-oQ'),
(274, 7, '14', 13, '2020-05-07 04:23:28', 'https://www.youtube.com/watch?v=79XIVc9lyj4'),
(275, 8, '14', 13, '2020-05-07 04:23:28', 'https://www.youtube.com/watch?v=gEjeaqoRLw4'),
(276, 9, '14', 13, '2020-05-07 04:23:28', 'https://www.youtube.com/watch?v=57bqwOaOS64'),
(277, 10, '14', 13, '2020-05-07 04:23:28', 'https://www.youtube.com/watch?v=qP3ZHzEK5d4'),
(278, 11, '14', 13, '2020-05-07 04:23:28', 'https://www.youtube.com/watch?v=Yrp--D0VazE'),
(279, 12, '14', 13, '2020-05-07 04:23:28', 'https://www.youtube.com/watch?v=gdv-ZgnJBLU'),
(280, 13, '14', 13, '2020-05-07 04:23:29', 'https://www.youtube.com/watch?v=uddaFB3j4NM'),
(281, 1, '15', 14, '2020-05-07 04:29:15', 'https://www.youtube.com/watch?v=padcaBveoTM'),
(282, 2, '15', 14, '2020-05-07 04:29:15', 'https://www.youtube.com/watch?v=MnQOyV5gCTc'),
(283, 3, '15', 14, '2020-05-07 04:29:15', 'https://www.youtube.com/watch?v=sBf8XR5CKrE'),
(284, 4, '15', 14, '2020-05-07 04:29:16', 'https://www.youtube.com/watch?v=kuhEPmS7LlA'),
(285, 5, '15', 14, '2020-05-07 04:29:16', 'https://www.youtube.com/watch?v=3taoHNZJe1I'),
(286, 6, '15', 14, '2020-05-07 04:29:16', 'https://www.youtube.com/watch?v=yESxQ0HNjj4'),
(287, 7, '15', 14, '2020-05-07 04:29:16', 'https://www.youtube.com/watch?v=rBO4PDnzaEA'),
(288, 8, '15', 14, '2020-05-07 04:29:16', 'https://www.youtube.com/watch?v=_USu68EdhDg'),
(289, 9, '15', 14, '2020-05-07 04:29:16', 'https://www.youtube.com/watch?v=4cbzw-9I1YY'),
(290, 10, '15', 14, '2020-05-07 04:29:16', 'https://www.youtube.com/watch?v=E9qXVpzNIKs'),
(291, 11, '15', 14, '2020-05-07 04:29:16', 'https://www.youtube.com/watch?v=13wtWCA3xVE'),
(292, 12, '15', 14, '2020-05-07 04:29:16', 'https://www.youtube.com/watch?v=QqfoffpNVpk'),
(293, 13, '15', 14, '2020-05-07 04:29:16', 'https://www.youtube.com/watch?v=cBwar-Ke74c'),
(294, 14, '15', 14, '2020-05-07 04:29:16', 'https://www.youtube.com/watch?v=tuDtCBimZ1M'),
(295, 15, '15', 14, '2020-05-07 04:29:16', 'https://www.youtube.com/watch?v=X78R-I7Sfto'),
(296, 16, '15', 14, '2020-05-07 04:29:16', 'https://www.youtube.com/watch?v=pxZWNocs6Rs'),
(297, 17, '15', 14, '2020-05-07 04:29:16', 'https://www.youtube.com/watch?v=tt5qAUNcqPA'),
(298, 18, '15', 14, '2020-05-07 04:29:16', 'https://www.youtube.com/watch?v=lm19JPeRvDk'),
(299, 19, '15', 14, '2020-05-07 04:29:16', 'https://www.youtube.com/watch?v=4tAcl-FKreI'),
(300, 20, '15', 14, '2020-05-07 04:29:16', 'https://www.youtube.com/watch?v=P0zde9x_qLI'),
(301, 21, '15', 14, '2020-05-07 04:29:17', 'https://www.youtube.com/watch?v=spJEPLrdzyA'),
(302, 22, '15', 14, '2020-05-07 04:29:17', 'https://www.youtube.com/watch?v=tG3MzS0Cmew'),
(303, 23, '15', 14, '2020-05-07 04:29:17', 'https://www.youtube.com/watch?v=J3x3yjCPigA'),
(304, 24, '15', 14, '2020-05-07 04:29:17', 'https://www.youtube.com/watch?v=itAZzGyycgY'),
(305, 25, '15', 14, '2020-05-07 04:29:17', 'https://www.youtube.com/watch?v=ghKnGuDuPOA'),
(306, 26, '15', 14, '2020-05-07 04:29:17', 'https://www.youtube.com/watch?v=O7Vp5wrvPbs'),
(307, 27, '15', 14, '2020-05-07 04:29:17', 'https://www.youtube.com/watch?v=OtPvHf1daRI'),
(308, 28, '15', 14, '2020-05-07 04:29:17', 'https://www.youtube.com/watch?v=tUc9EsqXeJ4'),
(309, 29, '15', 14, '2020-05-07 04:29:17', 'https://www.youtube.com/watch?v=7_IF8SK6fyU'),
(310, 30, '15', 14, '2020-05-07 04:29:17', 'https://www.youtube.com/watch?v=2nghFnEsIcw'),
(311, 1, '16', 15, '2020-05-07 04:36:13', 'https://www.youtube.com/watch?v=l0tlAbTVWyE'),
(312, 2, '16', 15, '2020-05-07 04:36:13', 'https://www.youtube.com/watch?v=oM7sfdy7TWo'),
(313, 3, '16', 15, '2020-05-07 04:36:13', 'https://www.youtube.com/watch?v=asuUsDlU_os'),
(314, 4, '16', 15, '2020-05-07 04:36:13', 'https://www.youtube.com/watch?v=Usf2HOE146Q'),
(315, 5, '16', 15, '2020-05-07 04:36:13', 'https://www.youtube.com/watch?v=_BRkDS9prH0'),
(316, 6, '16', 15, '2020-05-07 04:36:13', 'https://www.youtube.com/watch?v=c63qkww1ecM'),
(317, 7, '16', 15, '2020-05-07 04:36:13', 'https://www.youtube.com/watch?v=JCMpsekw6sI'),
(318, 8, '16', 15, '2020-05-07 04:36:13', 'https://www.youtube.com/watch?v=o7bo4zBKF-s'),
(319, 9, '16', 15, '2020-05-07 04:36:13', 'https://www.youtube.com/watch?v=ZA1grbABsco'),
(320, 10, '16', 15, '2020-05-07 04:36:13', 'https://www.youtube.com/watch?v=fEaMubo3hCU'),
(321, 11, '16', 15, '2020-05-07 04:36:14', 'https://www.youtube.com/watch?v=044hzs5_MRI'),
(322, 12, '16', 15, '2020-05-07 04:36:14', 'https://www.youtube.com/watch?v=X6ASz6BhX2E'),
(323, 13, '16', 15, '2020-05-07 04:36:14', 'https://www.youtube.com/watch?v=3dJjmrJXCbU'),
(324, 14, '16', 15, '2020-05-07 04:36:14', 'https://www.youtube.com/watch?v=hPI4_kbCIx8'),
(325, 15, '16', 15, '2020-05-07 04:36:14', 'https://www.youtube.com/watch?v=ivBay52duHE'),
(326, 16, '16', 15, '2020-05-07 04:36:14', 'https://www.youtube.com/watch?v=EPHJ3A16mQc'),
(327, 17, '16', 15, '2020-05-07 04:36:14', 'https://www.youtube.com/watch?v=IYcXd_PsVWo'),
(328, 18, '16', 15, '2020-05-07 04:36:15', 'https://www.youtube.com/watch?v=OD_00hnHcwk'),
(329, 19, '16', 15, '2020-05-07 04:36:15', 'https://www.youtube.com/watch?v=RvvmuryJvYo'),
(330, 20, '16', 15, '2020-05-07 04:36:15', 'https://www.youtube.com/watch?v=ehLYHD0EfHk'),
(331, 21, '16', 15, '2020-05-07 04:36:15', 'https://www.youtube.com/watch?v=xGSQ9sBw41Y'),
(332, 1, '17', 16, '2020-05-07 04:40:06', 'https://www.youtube.com/watch?v=bHGYUaQgHeA'),
(333, 2, '17', 16, '2020-05-07 04:40:06', 'https://www.youtube.com/watch?v=X6CTiEzhwZc'),
(334, 3, '17', 16, '2020-05-07 04:40:06', 'https://www.youtube.com/watch?v=tOs8nnVkZ04'),
(335, 4, '17', 16, '2020-05-07 04:40:06', 'https://www.youtube.com/watch?v=AcOXDj9yGwI'),
(336, 5, '17', 16, '2020-05-07 04:40:07', 'https://www.youtube.com/watch?v=DPDMKEKu3Vw'),
(337, 6, '17', 16, '2020-05-07 04:40:07', 'https://www.youtube.com/watch?v=tSVj_mkhuwQ'),
(338, 7, '17', 16, '2020-05-07 04:40:07', 'https://www.youtube.com/watch?v=GCZBEDuXYP4'),
(339, 8, '17', 16, '2020-05-07 04:40:07', 'https://www.youtube.com/watch?v=RTGoF3apOtY'),
(340, 9, '17', 16, '2020-05-07 04:40:07', 'https://www.youtube.com/watch?v=r4BOBhYieOs'),
(341, 10, '17', 16, '2020-05-07 04:40:07', 'https://www.youtube.com/watch?v=1yh7hxWuxUw'),
(342, 11, '17', 16, '2020-05-07 04:40:07', 'https://www.youtube.com/watch?v=l0PAfaD6nCM'),
(343, 12, '17', 16, '2020-05-07 04:40:07', 'https://www.youtube.com/watch?v=atyPTwECrx8'),
(344, 13, '17', 16, '2020-05-07 04:40:07', 'https://www.youtube.com/watch?v=Y69zfldkycw'),
(345, 14, '17', 16, '2020-05-07 04:40:07', 'https://www.youtube.com/watch?v=7HAKGsr55eU'),
(346, 15, '17', 16, '2020-05-07 04:40:07', 'https://www.youtube.com/watch?v=sb_NplyJbzA'),
(347, 16, '17', 16, '2020-05-07 04:40:07', 'https://www.youtube.com/watch?v=t0CkxMw2Bbw'),
(348, 17, '17', 16, '2020-05-07 04:40:07', 'https://www.youtube.com/watch?v=BWZKYTd-65U'),
(349, 18, '17', 16, '2020-05-07 04:40:07', 'https://www.youtube.com/watch?v=XCmsQMhSUek'),
(350, 19, '17', 16, '2020-05-07 04:40:08', 'https://www.youtube.com/watch?v=7spUBh1VXUw'),
(351, 20, '17', 16, '2020-05-07 04:40:08', 'https://www.youtube.com/watch?v=jSgxKF-vRYw'),
(352, 21, '17', 16, '2020-05-07 04:40:08', 'https://www.youtube.com/watch?v=9VO9jOq-CqM'),
(353, 22, '17', 16, '2020-05-07 04:40:08', 'https://www.youtube.com/watch?v=2m6Mzl9dELg'),
(354, 23, '17', 16, '2020-05-07 04:40:08', 'https://www.youtube.com/watch?v=2YzOcZeetXI'),
(355, 24, '17', 16, '2020-05-07 04:40:08', 'https://www.youtube.com/watch?v=rCe1BIFU4-w'),
(356, 25, '17', 16, '2020-05-07 04:40:08', 'https://www.youtube.com/watch?v=b2p-ZrwfoYM'),
(357, 26, '17', 16, '2020-05-07 04:40:08', 'https://www.youtube.com/watch?v=5RoImhVqAjc'),
(358, 27, '17', 16, '2020-05-07 04:40:08', 'https://www.youtube.com/watch?v=4y8gsnt5grU'),
(359, 28, '17', 16, '2020-05-07 04:40:08', 'https://www.youtube.com/watch?v=6EXfSS7lHts'),
(360, 29, '17', 16, '2020-05-07 04:40:08', 'https://www.youtube.com/watch?v=JlucdTMMRZ8'),
(361, 1, '18', 17, '2020-05-07 13:52:29', 'https://www.youtube.com/watch?v=u0jetuQo-Qc'),
(362, 2, '18', 17, '2020-05-07 13:52:29', 'https://www.youtube.com/watch?v=LKRU4-F5s-A'),
(363, 3, '18', 17, '2020-05-07 13:52:29', 'https://www.youtube.com/watch?v=OGhAL99jO9c'),
(364, 4, '18', 17, '2020-05-07 13:52:29', 'https://www.youtube.com/watch?v=Sc7nFKExYNE'),
(365, 5, '18', 17, '2020-05-07 13:52:29', 'https://www.youtube.com/watch?v=kyICLbpnNJk'),
(366, 6, '18', 17, '2020-05-07 13:52:29', 'https://www.youtube.com/watch?v=pTggKtUzSjc'),
(367, 7, '18', 17, '2020-05-07 13:52:29', 'https://www.youtube.com/watch?v=KxHp3MNFOuY'),
(368, 8, '18', 17, '2020-05-07 13:52:29', 'https://www.youtube.com/watch?v=hmtPGRkP6Oo'),
(369, 9, '18', 17, '2020-05-07 13:52:30', 'https://www.youtube.com/watch?v=RN0lALccaqo'),
(370, 10, '18', 17, '2020-05-07 13:52:30', 'https://www.youtube.com/watch?v=ArRAawEW4UU'),
(371, 11, '18', 17, '2020-05-07 13:52:30', 'https://www.youtube.com/watch?v=En0SHCB-nlA'),
(372, 12, '18', 17, '2020-05-07 13:52:30', 'https://www.youtube.com/watch?v=2LsOmyzf3os'),
(373, 13, '18', 17, '2020-05-07 13:52:30', 'https://www.youtube.com/watch?v=ts9xWzMcDqc'),
(374, 14, '18', 17, '2020-05-07 13:52:30', 'https://www.youtube.com/watch?v=jYvXXwfkPdw'),
(375, 15, '18', 17, '2020-05-07 13:52:30', 'https://www.youtube.com/watch?v=SZMZG1PhEis'),
(376, 16, '18', 17, '2020-05-07 13:52:30', 'https://www.youtube.com/watch?v=fkRmoofPcWI'),
(377, 17, '18', 17, '2020-05-07 13:52:30', 'https://www.youtube.com/watch?v=a7Vg9AWPGFE'),
(378, 18, '18', 17, '2020-05-07 13:52:30', 'https://www.youtube.com/watch?v=OUyg-ROw9wI'),
(379, 19, '18', 17, '2020-05-07 13:52:30', 'https://www.youtube.com/watch?v=mByrfhQpzew'),
(380, 20, '18', 17, '2020-05-07 13:52:30', 'https://www.youtube.com/watch?v=qRltidNggro'),
(381, 21, '18', 17, '2020-05-07 13:52:30', 'https://www.youtube.com/watch?v=q74OOAxJHGc'),
(382, 22, '18', 17, '2020-05-07 13:52:30', 'https://www.youtube.com/watch?v=SgHjCfgxRVQ'),
(383, 23, '18', 17, '2020-05-07 13:52:30', 'https://www.youtube.com/watch?v=nk2V1Ja0cPc'),
(384, 24, '18', 17, '2020-05-07 13:52:30', 'https://www.youtube.com/watch?v=THzU1KzHZJI'),
(385, 25, '18', 17, '2020-05-07 13:52:30', 'https://www.youtube.com/watch?v=xtpXGkfhh2g'),
(386, 26, '18', 17, '2020-05-07 13:52:30', 'https://www.youtube.com/watch?v=bAp9TVUW0_8'),
(387, 27, '18', 17, '2020-05-07 13:52:30', 'https://www.youtube.com/watch?v=0hn3wTD5lrM'),
(388, 28, '18', 17, '2020-05-07 13:52:31', 'https://www.youtube.com/watch?v=ZoXXbDlW6Fw'),
(389, 29, '18', 17, '2020-05-07 13:52:31', 'https://www.youtube.com/watch?v=nwYLqWnBlZc'),
(390, 30, '18', 17, '2020-05-07 13:52:31', 'https://www.youtube.com/watch?v=Qz3YOAYwGlE'),
(391, 1, '20', 18, '2020-05-07 13:58:11', 'https://www.youtube.com/watch?v=_wbsPLmQ3SI'),
(392, 2, '20', 18, '2020-05-07 13:58:11', 'https://www.youtube.com/watch?v=TqKfIE-_ztY'),
(393, 3, '20', 18, '2020-05-07 13:58:11', 'https://www.youtube.com/watch?v=s4a2KX5hNek'),
(394, 4, '20', 18, '2020-05-07 13:58:11', 'https://www.youtube.com/watch?v=BBzGOkAP1Qw'),
(395, 5, '20', 18, '2020-05-07 13:58:12', 'https://www.youtube.com/watch?v=oOJknT0eoxg'),
(396, 6, '20', 18, '2020-05-07 13:58:12', 'https://www.youtube.com/watch?v=THMDgEnOXR4'),
(397, 7, '20', 18, '2020-05-07 13:58:12', 'https://www.youtube.com/watch?v=t0p1pAtv-EA'),
(398, 8, '20', 18, '2020-05-07 13:58:12', 'https://www.youtube.com/watch?v=58kOtjm9fmQ'),
(399, 9, '20', 18, '2020-05-07 13:58:12', 'https://www.youtube.com/watch?v=8PtsT8ftBjY'),
(400, 10, '20', 18, '2020-05-07 13:58:12', 'https://www.youtube.com/watch?v=VEZHYiKBAeA'),
(401, 11, '20', 18, '2020-05-07 13:58:12', 'https://www.youtube.com/watch?v=FNbEwTY_fdk'),
(402, 12, '20', 18, '2020-05-07 13:58:12', 'https://www.youtube.com/watch?v=kTOYNZw1Q64'),
(403, 13, '20', 18, '2020-05-07 13:58:12', 'https://www.youtube.com/watch?v=_nr-2qKTSwY'),
(404, 14, '20', 18, '2020-05-07 13:58:12', 'https://www.youtube.com/watch?v=kBOTFRJX9hg'),
(405, 15, '20', 18, '2020-05-07 13:58:13', 'https://www.youtube.com/watch?v=Sk8mzVDDVn8'),
(406, 16, '20', 18, '2020-05-07 13:58:13', 'https://www.youtube.com/watch?v=_rbfL_BQi90'),
(407, 17, '20', 18, '2020-05-07 13:58:13', 'https://www.youtube.com/watch?v=f5RYwrYdE68'),
(408, 18, '20', 18, '2020-05-07 13:58:13', 'https://www.youtube.com/watch?v=Ci_Yr1BT-1I'),
(409, 19, '20', 18, '2020-05-07 13:58:13', 'https://www.youtube.com/watch?v=bJkypNmMv2w'),
(410, 20, '20', 18, '2020-05-07 13:58:13', 'https://www.youtube.com/watch?v=teLSYoe394Y'),
(411, 21, '20', 18, '2020-05-07 13:58:13', 'https://www.youtube.com/watch?v=6ox5CSCkKOE'),
(412, 22, '20', 18, '2020-05-07 13:58:13', 'https://www.youtube.com/watch?v=hoT1pXXZNNM'),
(413, 23, '20', 18, '2020-05-07 13:58:13', 'https://www.youtube.com/watch?v=spxlduYCpCM'),
(414, 24, '20', 18, '2020-05-07 13:58:13', 'https://www.youtube.com/watch?v=AjKYyWQlOxA'),
(415, 25, '20', 18, '2020-05-07 13:58:13', 'https://www.youtube.com/watch?v=f1ZPLYqzcW0'),
(416, 26, '20', 18, '2020-05-07 13:58:13', 'https://www.youtube.com/watch?v=m1se0O0j91A'),
(417, 27, '20', 18, '2020-05-07 13:58:13', 'https://www.youtube.com/watch?v=-2ruTHpEvSE'),
(418, 28, '20', 18, '2020-05-07 13:58:13', 'https://www.youtube.com/watch?v=8gRC3K3yu9Y'),
(419, 29, '20', 18, '2020-05-07 13:58:13', 'https://www.youtube.com/watch?v=ic4QM112LgI'),
(420, 30, '20', 18, '2020-05-07 13:58:13', 'https://www.youtube.com/watch?v=eLVpjNv2I6k'),
(421, 1, '15', 19, '2020-05-07 21:40:00', 'https://www.youtube.com/watch?v=H87FcOmHarg'),
(422, 2, '15', 19, '2020-05-07 21:40:01', 'https://www.youtube.com/watch?v=QYpoKKLGyso'),
(423, 3, '15', 19, '2020-05-07 21:40:01', 'https://www.youtube.com/watch?v=GqEitNRYIhA'),
(424, 4, '15', 19, '2020-05-07 21:40:01', 'https://www.youtube.com/watch?v=vdnwQIOKlDI'),
(425, 5, '15', 19, '2020-05-07 21:40:01', 'https://www.youtube.com/watch?v=cdD0igCQrP4'),
(426, 6, '15', 19, '2020-05-07 21:40:01', 'https://www.youtube.com/watch?v=KkRlt-XirVQ'),
(427, 7, '15', 19, '2020-05-07 21:40:01', 'https://www.youtube.com/watch?v=EzQOkJzINsE'),
(428, 8, '15', 19, '2020-05-07 21:40:01', 'https://www.youtube.com/watch?v=heRlHkx3fkA'),
(429, 9, '15', 19, '2020-05-07 21:40:01', 'https://www.youtube.com/watch?v=U4rziTDVmRg'),
(430, 10, '15', 19, '2020-05-07 21:40:01', 'https://www.youtube.com/watch?v=U4rziTDVmRg'),
(431, 11, '15', 19, '2020-05-07 21:40:01', 'https://www.youtube.com/watch?v=xXmF-DErPgM'),
(432, 12, '15', 19, '2020-05-07 21:40:01', 'https://www.youtube.com/watch?v=-vw9O3SksBs'),
(433, 13, '15', 19, '2020-05-07 21:40:02', 'https://www.youtube.com/watch?v=3GTRQRNhVRM'),
(434, 14, '15', 19, '2020-05-07 21:40:02', 'https://www.youtube.com/watch?v=ZW5bmpVgTMI'),
(435, 15, '15', 19, '2020-05-07 21:40:02', 'https://www.youtube.com/watch?v=Yaw_YDE-f6I'),
(436, 16, '15', 19, '2020-05-07 21:40:02', 'https://www.youtube.com/watch?v=kJxHXPRdI54'),
(437, 17, '15', 19, '2020-05-07 21:40:02', 'https://www.youtube.com/watch?v=hoj-S9jf8yM'),
(438, 18, '15', 19, '2020-05-07 21:40:02', 'https://www.youtube.com/watch?v=XbAGvkwyEzA'),
(439, 19, '15', 19, '2020-05-07 21:40:02', 'https://www.youtube.com/watch?v=bwJp5W5xBx4'),
(440, 20, '15', 19, '2020-05-07 21:40:02', 'https://www.youtube.com/watch?v=7tNZgU_USyg'),
(441, 21, '15', 19, '2020-05-07 21:40:02', 'https://www.youtube.com/watch?v=8kIvOXS8Kew'),
(442, 22, '15', 19, '2020-05-07 21:40:02', 'https://www.youtube.com/watch?v=v3x1EL-fIII'),
(443, 23, '15', 19, '2020-05-07 21:40:02', 'https://www.youtube.com/watch?v=sG_kaxui78c'),
(444, 24, '15', 19, '2020-05-07 21:40:02', 'https://www.youtube.com/watch?v=705HByaeSzs'),
(445, 25, '15', 19, '2020-05-07 21:40:02', 'https://www.youtube.com/watch?v=3Thu7TjDmdk'),
(446, 26, '15', 19, '2020-05-07 21:40:02', 'https://www.youtube.com/watch?v=1DLofZVegq0'),
(447, 27, '15', 19, '2020-05-07 21:40:03', 'https://www.youtube.com/watch?v=gp2VtNg94tw'),
(448, 28, '15', 19, '2020-05-07 21:40:03', 'https://www.youtube.com/watch?v=-J0OSjvwY8w'),
(449, 29, '15', 19, '2020-05-07 21:40:03', 'https://www.youtube.com/watch?v=ZOeATKhng3M'),
(450, 30, '15', 19, '2020-05-07 21:40:03', 'https://www.youtube.com/watch?v=li9dZ55b0Ic'),
(451, 1, '21', 20, '2020-05-07 21:46:13', 'https://www.youtube.com/watch?v=YD06RcG1Wvk'),
(452, 2, '21', 20, '2020-05-07 21:46:13', 'https://www.youtube.com/watch?v=L3kX7jyB2FE'),
(453, 3, '21', 20, '2020-05-07 21:46:13', 'https://www.youtube.com/watch?v=5ZytXz_zBHE'),
(454, 4, '21', 20, '2020-05-07 21:46:13', 'https://www.youtube.com/watch?v=sZYjKbdAb9A'),
(455, 5, '21', 20, '2020-05-07 21:46:13', 'https://www.youtube.com/watch?v=frr8o7kO0JQ'),
(456, 6, '21', 20, '2020-05-07 21:46:13', 'https://www.youtube.com/watch?v=_PgK3iFWNdM'),
(457, 1, '22', 21, '2020-05-07 21:52:29', 'https://www.youtube.com/watch?v=ywg68IWfZSA'),
(458, 2, '22', 21, '2020-05-07 21:52:30', 'https://www.youtube.com/watch?v=Y3Y8UjlGzL0'),
(459, 3, '22', 21, '2020-05-07 21:52:30', 'https://www.youtube.com/watch?v=IHuEuz9hja0'),
(460, 4, '22', 21, '2020-05-07 21:52:30', 'https://www.youtube.com/watch?v=yFzL5kQbjns'),
(461, 5, '22', 21, '2020-05-07 21:52:30', 'https://www.youtube.com/watch?v=DuqTlSt7_wY'),
(462, 6, '22', 21, '2020-05-07 21:52:30', 'https://www.youtube.com/watch?v=rRDlLda5050'),
(463, 7, '22', 21, '2020-05-07 21:52:30', 'https://www.youtube.com/watch?v=5tz-OzE0PZE'),
(464, 8, '22', 21, '2020-05-07 21:52:30', 'https://www.youtube.com/watch?v=KO8CfD1kzR0'),
(465, 9, '22', 21, '2020-05-07 21:52:30', 'https://www.youtube.com/watch?v=LW8O_lcs38I'),
(466, 10, '22', 21, '2020-05-07 21:52:30', 'https://www.youtube.com/watch?v=FJH5JpwiJgY'),
(467, 11, '22', 21, '2020-05-07 21:52:30', 'https://www.youtube.com/watch?v=ogwvxsaWdSQ'),
(468, 12, '22', 21, '2020-05-07 21:52:30', 'https://www.youtube.com/watch?v=sSj-iVoTLiQ'),
(469, 13, '22', 21, '2020-05-07 21:52:30', 'https://www.youtube.com/watch?v=PQyKBSRyooo'),
(470, 14, '22', 21, '2020-05-07 21:52:30', 'https://www.youtube.com/watch?v=abhM2YoC3h4'),
(471, 15, '22', 21, '2020-05-07 21:52:30', 'https://www.youtube.com/watch?v=N7On6rOwIlA'),
(472, 16, '22', 21, '2020-05-07 21:52:30', 'https://www.youtube.com/watch?v=adSCYVvq56Y'),
(473, 17, '22', 21, '2020-05-07 21:52:30', 'https://www.youtube.com/watch?v=PoJBUauD8Ks'),
(474, 18, '22', 21, '2020-05-07 21:52:30', 'https://www.youtube.com/watch?v=cl14Cy_3_-w'),
(475, 19, '22', 21, '2020-05-07 21:52:30', 'https://www.youtube.com/watch?v=MSnqm1NDqKk'),
(476, 20, '22', 21, '2020-05-07 21:52:31', 'https://www.youtube.com/watch?v=nTPrNx7yrqk'),
(477, 21, '22', 21, '2020-05-07 21:52:31', 'https://www.youtube.com/watch?v=XUOk95vi3iQ'),
(478, 22, '22', 21, '2020-05-07 21:52:31', 'https://www.youtube.com/watch?v=2MaYpFULIX0'),
(479, 23, '22', 21, '2020-05-07 21:52:31', 'https://www.youtube.com/watch?v=PUSqPzBGWMY'),
(480, 24, '22', 21, '2020-05-07 21:52:31', 'https://www.youtube.com/watch?v=QG8goSUhsbQ'),
(481, 25, '22', 21, '2020-05-07 21:52:31', 'https://www.youtube.com/watch?v=JEUSay7Zvcw'),
(482, 26, '22', 21, '2020-05-07 21:52:31', 'https://www.youtube.com/watch?v=TdOhTMAO71Q'),
(483, 27, '22', 21, '2020-05-07 21:52:31', 'https://www.youtube.com/watch?v=KEj2jeLCJM0'),
(484, 28, '22', 21, '2020-05-07 21:52:31', 'https://www.youtube.com/watch?v=BWNwAB3nd8Q'),
(485, 29, '22', 21, '2020-05-07 21:52:31', 'https://www.youtube.com/watch?v=7jQTjuRp_M0'),
(486, 30, '22', 21, '2020-05-07 21:52:31', 'https://www.youtube.com/watch?v=g60Tbm3HMBg'),
(487, 31, '22', 21, '2020-05-07 21:52:31', 'https://www.youtube.com/watch?v=fcliQNp55O4'),
(488, 32, '22', 21, '2020-05-07 21:52:31', 'https://www.youtube.com/watch?v=zvh4ebToH7w'),
(489, 33, '22', 21, '2020-05-07 21:52:32', 'https://www.youtube.com/watch?v=B3dK2xuNBpI'),
(490, 1, '23', 22, '2020-05-07 22:07:29', 'https://www.youtube.com/watch?v=-mgMdWKGfGE'),
(491, 2, '23', 22, '2020-05-07 22:07:29', 'https://www.youtube.com/watch?v=hlpnioWldlg'),
(492, 3, '23', 22, '2020-05-07 22:07:29', 'https://www.youtube.com/watch?v=sddy7zBfeQQ'),
(493, 4, '23', 22, '2020-05-07 22:07:29', 'https://www.youtube.com/watch?v=P6SfLXX10c8'),
(494, 5, '23', 22, '2020-05-07 22:07:29', 'https://www.youtube.com/watch?v=juaVOtZKmmo'),
(495, 6, '23', 22, '2020-05-07 22:07:29', 'https://www.youtube.com/watch?v=ty7Zg7cRRI8'),
(496, 7, '23', 22, '2020-05-07 22:07:29', 'https://www.youtube.com/watch?v=vkiJrjw8iYs'),
(497, 8, '23', 22, '2020-05-07 22:07:29', 'https://www.youtube.com/watch?v=oW-c0iIYEcE'),
(498, 9, '23', 22, '2020-05-07 22:07:29', 'https://www.youtube.com/watch?v=dTQ0G3IAFUQ'),
(499, 10, '23', 22, '2020-05-07 22:07:29', 'https://www.youtube.com/watch?v=zsevwAlaeIQ'),
(500, 11, '23', 22, '2020-05-07 22:07:29', 'https://www.youtube.com/watch?v=hX7A6mvqal4'),
(501, 1, '24', 23, '2020-05-08 03:44:43', 'https://www.youtube.com/watch?v=xm322n2RuNA'),
(502, 2, '24', 23, '2020-05-08 03:44:43', 'https://www.youtube.com/watch?v=wTadiWL4RzM'),
(503, 3, '24', 23, '2020-05-08 03:44:43', 'https://www.youtube.com/watch?v=saFIBjKHJJM'),
(504, 4, '24', 23, '2020-05-08 03:44:43', 'https://www.youtube.com/watch?v=5YOdyT-hPJk'),
(505, 5, '24', 23, '2020-05-08 03:44:43', 'https://www.youtube.com/watch?v=gfnuV1PTOTk'),
(506, 6, '24', 23, '2020-05-08 03:44:43', ''),
(507, 7, '24', 23, '2020-05-08 03:44:44', 'https://www.youtube.com/watch?v=UcacttExYmQ'),
(508, 8, '24', 23, '2020-05-08 03:44:44', 'https://www.youtube.com/watch?v=z1zXI9_s7Ks'),
(509, 9, '24', 23, '2020-05-08 03:44:44', ''),
(510, 10, '24', 23, '2020-05-08 03:44:44', 'https://www.youtube.com/watch?v=7jfyJT0Oe84'),
(511, 11, '24', 23, '2020-05-08 03:44:44', 'https://www.youtube.com/watch?v=zWlQgHQjz0I'),
(512, 12, '24', 23, '2020-05-08 03:44:44', 'https://www.youtube.com/watch?v=sskC-h4mrr8'),
(513, 13, '24', 23, '2020-05-08 03:44:44', 'https://www.youtube.com/watch?v=xBcpn5orRbw'),
(514, 14, '24', 23, '2020-05-08 03:44:44', 'https://www.youtube.com/watch?v=DAKLcZ2Tmzs'),
(515, 15, '24', 23, '2020-05-08 03:44:44', 'https://www.youtube.com/watch?v=96XmuHxpPQ0'),
(516, 16, '24', 23, '2020-05-08 03:44:44', 'https://www.youtube.com/watch?v=N9kFm9AEud8'),
(517, 17, '24', 23, '2020-05-08 03:44:45', 'https://www.youtube.com/watch?v=Ky9UvZbLTtI'),
(518, 18, '24', 23, '2020-05-08 03:44:45', 'https://www.youtube.com/watch?v=A9w5Z7IjlBQ'),
(519, 19, '24', 23, '2020-05-08 03:44:45', 'https://www.youtube.com/watch?v=liH4_gBgJLc'),
(520, 20, '24', 23, '2020-05-08 03:44:45', 'https://www.youtube.com/watch?v=1_7raaRiRqQ'),
(521, 11, '23', 22, '2020-05-07 22:07:29', 'https://www.youtube.com/watch?v=Tspd6INR9tU'),
(522, 1, '25', 24, '2020-05-08 03:53:31', 'https://www.youtube.com/watch?v=pMEGi53t1rM'),
(523, 2, '25', 24, '2020-05-08 03:53:31', 'https://www.youtube.com/watch?v=RNBAoJ8F7Vo'),
(524, 3, '25', 24, '2020-05-08 03:53:31', 'https://www.youtube.com/watch?v=S_IsCmQrvS8'),
(525, 4, '25', 24, '2020-05-08 03:53:31', 'https://www.youtube.com/watch?v=B6ZXoLl0jbQ'),
(526, 5, '25', 24, '2020-05-08 03:53:31', 'https://www.youtube.com/watch?v=9kwz9Oz_RLQ'),
(527, 6, '25', 24, '2020-05-08 03:53:31', 'https://www.youtube.com/watch?v=4LIQfKAAYlA'),
(528, 7, '25', 24, '2020-05-08 03:53:31', 'https://www.youtube.com/watch?v=uu1gYjXvdew'),
(529, 8, '25', 24, '2020-05-08 03:53:32', 'https://www.youtube.com/watch?v=RRVdvdzwC2Y'),
(530, 9, '25', 24, '2020-05-08 03:53:32', 'https://www.youtube.com/watch?v=gYTmzl1K_gc'),
(531, 10, '25', 24, '2020-05-08 03:53:32', 'https://www.youtube.com/watch?v=736JJUYt0r0'),
(532, 11, '25', 24, '2020-05-08 03:53:32', 'https://www.youtube.com/watch?v=CotLqT_Pm7o'),
(533, 12, '25', 24, '2020-05-08 03:53:32', 'https://www.youtube.com/watch?v=VL4bjhvF5-w'),
(534, 13, '25', 24, '2020-05-08 03:53:32', 'https://www.youtube.com/watch?v=dUnig--rhmI'),
(535, 14, '25', 24, '2020-05-08 03:53:32', 'https://www.youtube.com/watch?v=Ud4IRvJb30c'),
(536, 15, '25', 24, '2020-05-08 03:53:32', 'https://www.youtube.com/watch?v=pUTbOuFopRE'),
(537, 16, '25', 24, '2020-05-08 03:53:32', 'https://www.youtube.com/watch?v=3ihpHw0I6lo'),
(538, 17, '25', 24, '2020-05-08 03:53:32', 'https://www.youtube.com/watch?v=RpRT7JhwTsc'),
(539, 18, '25', 24, '2020-05-08 03:53:32', 'https://www.youtube.com/watch?v=VAUvffi_114'),
(540, 19, '25', 24, '2020-05-08 03:53:33', 'https://www.youtube.com/watch?v=_zukDTcFUeY'),
(541, 20, '25', 24, '2020-05-08 03:53:33', 'https://www.youtube.com/watch?v=bo0NCLXvHeA'),
(542, 1, '26', 25, '2020-05-08 03:56:52', 'https://www.youtube.com/watch?v=vkQfmhn-mPo'),
(543, 2, '26', 25, '2020-05-08 03:56:52', 'https://www.youtube.com/watch?v=p5mPijTELtM'),
(544, 3, '26', 25, '2020-05-08 03:56:52', 'https://www.youtube.com/watch?v=aSMQZYM_9Fk'),
(545, 4, '26', 25, '2020-05-08 03:56:52', 'https://www.youtube.com/watch?v=DsXLuz3wiKQ'),
(546, 5, '26', 25, '2020-05-08 03:56:53', 'https://www.youtube.com/watch?v=yET35tg4I_U'),
(547, 6, '26', 25, '2020-05-08 03:56:53', 'https://www.youtube.com/watch?v=ovHQtPnQeVE'),
(548, 7, '26', 25, '2020-05-08 03:56:53', 'https://www.youtube.com/watch?v=aiRlcaayskQ'),
(549, 8, '26', 25, '2020-05-08 03:56:53', 'https://www.youtube.com/watch?v=iO5YSFz3lSw'),
(550, 9, '26', 25, '2020-05-08 03:56:53', 'https://www.youtube.com/watch?v=6xcHAow75xE'),
(551, 10, '26', 25, '2020-05-08 03:56:53', 'https://www.youtube.com/watch?v=R761WB3zM4Y'),
(552, 11, '26', 25, '2020-05-08 03:56:53', 'https://www.youtube.com/watch?v=IQFP3CLeSCY'),
(553, 12, '26', 25, '2020-05-08 03:56:53', 'https://www.youtube.com/watch?v=pDR-BCVdj2k'),
(554, 13, '26', 25, '2020-05-08 03:56:53', 'https://www.youtube.com/watch?v=JNhoJoii6GE'),
(555, 14, '26', 25, '2020-05-08 03:56:53', 'https://www.youtube.com/watch?v=A7JObKwVTgc'),
(556, 15, '26', 25, '2020-05-08 03:56:54', 'https://www.youtube.com/watch?v=YvfpuF4hzZA'),
(557, 16, '26', 25, '2020-05-08 03:56:54', 'https://www.youtube.com/watch?v=_zsoYeVFplA'),
(558, 17, '26', 25, '2020-05-08 03:56:54', 'https://www.youtube.com/watch?v=o1_28Ni3lD8'),
(559, 18, '26', 25, '2020-05-08 03:56:54', 'https://www.youtube.com/watch?v=Oo9MrAVeOFU'),
(560, 19, '26', 25, '2020-05-08 03:56:54', 'https://www.youtube.com/watch?v=Jx97dDk6SFk'),
(561, 20, '26', 25, '2020-05-08 03:56:54', 'https://www.youtube.com/watch?v=HmZuRm-Z2Cw'),
(562, 1, '27', 26, '2020-05-08 04:02:28', 'https://www.youtube.com/watch?v=fdPXgi9_Hpg'),
(563, 2, '27', 26, '2020-05-08 04:02:28', 'https://www.youtube.com/watch?v=tGQkAVZbN68'),
(564, 3, '27', 26, '2020-05-08 04:02:29', 'https://www.youtube.com/watch?v=CojQsSubZAY'),
(565, 4, '27', 26, '2020-05-08 04:02:29', 'https://www.youtube.com/watch?v=WBVF5crG4mE'),
(566, 5, '27', 26, '2020-05-08 04:02:29', 'https://www.youtube.com/watch?v=tgdCBP4Zv_U'),
(567, 6, '27', 26, '2020-05-08 04:02:29', 'https://www.youtube.com/watch?v=9DDMYvQrHHk'),
(568, 7, '27', 26, '2020-05-08 04:02:29', 'https://www.youtube.com/watch?v=xsdLVDUA9JQ'),
(569, 8, '27', 26, '2020-05-08 04:02:29', 'https://www.youtube.com/watch?v=LGUzwzEFSZE'),
(570, 9, '27', 26, '2020-05-08 04:02:29', 'https://www.youtube.com/watch?v=oqif3N_6EEo');
INSERT INTO `episodes` (`id`, `num`, `serie_id`, `season_id`, `date_insert`, `url`) VALUES
(571, 10, '27', 26, '2020-05-08 04:02:29', 'https://www.youtube.com/watch?v=5UpTQa58xxY'),
(572, 11, '27', 26, '2020-05-08 04:02:29', 'https://www.youtube.com/watch?v=z16aesQaPmE'),
(573, 12, '27', 26, '2020-05-08 04:02:29', 'https://www.youtube.com/watch?v=aSZg7Es_ugI'),
(574, 13, '27', 26, '2020-05-08 04:02:29', 'https://www.youtube.com/watch?v=bNwfKoAvTPA'),
(575, 14, '27', 26, '2020-05-08 04:02:29', 'https://www.youtube.com/watch?v=bs9lzzVKIHM'),
(576, 15, '27', 26, '2020-05-08 04:02:29', 'https://www.youtube.com/watch?v=KK_WmoYAvL4'),
(577, 16, '27', 26, '2020-05-08 04:02:29', 'https://www.youtube.com/watch?v=fytTbEcfIWo'),
(578, 17, '27', 26, '2020-05-08 04:02:29', 'https://www.youtube.com/watch?v=m3ugEn2_YsU'),
(579, 18, '27', 26, '2020-05-08 04:02:29', 'https://www.youtube.com/watch?v=6HxcfHBBHIU'),
(580, 19, '27', 26, '2020-05-08 04:02:30', 'https://www.youtube.com/watch?v=KwQBhFK2o1c'),
(581, 20, '27', 26, '2020-05-08 04:02:30', 'https://www.youtube.com/watch?v=yBlIQfsSbkw'),
(582, 21, '27', 26, '2020-05-08 04:02:30', 'https://www.youtube.com/watch?v=ZlyuOuhYhyM'),
(583, 22, '27', 26, '2020-05-08 04:02:30', 'https://www.youtube.com/watch?v=gSwtpFQkjls'),
(584, 23, '27', 26, '2020-05-08 04:02:30', 'https://www.youtube.com/watch?v=SRNb2C1JS5o'),
(585, 24, '27', 26, '2020-05-08 04:02:30', 'https://www.youtube.com/watch?v=LrDhCxw1Rlc'),
(586, 25, '27', 26, '2020-05-08 04:02:30', 'https://www.youtube.com/watch?v=9Leb4hA7TRQ'),
(587, 26, '27', 26, '2020-05-08 04:02:30', 'https://www.youtube.com/watch?v=eYOE06SgWxg'),
(588, 27, '27', 26, '2020-05-08 04:02:30', 'https://www.youtube.com/watch?v=CeQahPdT4yw'),
(589, 28, '27', 26, '2020-05-08 04:02:31', 'https://www.youtube.com/watch?v=3JUcK2BImXg'),
(590, 29, '27', 26, '2020-05-08 04:02:32', 'https://www.youtube.com/watch?v=Qm4apYWK2tc'),
(591, 30, '27', 26, '2020-05-08 04:02:32', 'https://www.youtube.com/watch?v=oLYO5nAfrkg'),
(592, 1, '28', 27, '2020-05-08 04:09:07', 'https://www.youtube.com/watch?v=elCjHn29DzU'),
(593, 2, '28', 27, '2020-05-08 04:09:07', 'https://www.youtube.com/watch?v=yd4nACNd-no'),
(594, 3, '28', 27, '2020-05-08 04:09:07', 'https://www.youtube.com/watch?v=3bHcvRE-RIY'),
(595, 4, '28', 27, '2020-05-08 04:09:07', 'https://www.youtube.com/watch?v=okE_ZiomXaE'),
(596, 5, '28', 27, '2020-05-08 04:09:07', 'https://www.youtube.com/watch?v=j3I1sKAt0js'),
(597, 6, '28', 27, '2020-05-08 04:09:07', 'https://www.youtube.com/watch?v=exd4aGEgZWU'),
(598, 7, '28', 27, '2020-05-08 04:09:07', 'https://www.youtube.com/watch?v=3mLGCIKr79E'),
(599, 8, '28', 27, '2020-05-08 04:09:07', 'https://www.youtube.com/watch?v=oI6UwQph_Io'),
(600, 9, '28', 27, '2020-05-08 04:09:08', 'https://www.youtube.com/watch?v=7-zJNUinklM'),
(601, 10, '28', 27, '2020-05-08 04:09:08', 'https://www.youtube.com/watch?v=vKb7RkuhCBU'),
(602, 11, '28', 27, '2020-05-08 04:09:08', 'https://www.youtube.com/watch?v=ZOWNCvXgrlw'),
(603, 12, '28', 27, '2020-05-08 04:09:08', 'https://www.youtube.com/watch?v=ZixaqCDODyw'),
(604, 13, '28', 27, '2020-05-08 04:09:08', 'https://www.youtube.com/watch?v=Pz1ehrNyAAA'),
(605, 14, '28', 27, '2020-05-08 04:09:08', 'https://www.youtube.com/watch?v=42E7_9_UVGU'),
(606, 15, '28', 27, '2020-05-08 04:09:08', 'https://www.youtube.com/watch?v=KmUGk7qinXI'),
(607, 16, '28', 27, '2020-05-08 04:09:08', 'https://www.youtube.com/watch?v=WeVbtoRy1fM'),
(608, 17, '28', 27, '2020-05-08 04:09:08', 'https://www.youtube.com/watch?v=2qOLnH9mh-8'),
(609, 18, '28', 27, '2020-05-08 04:09:08', 'https://www.youtube.com/watch?v=JYhMP-QMrb4'),
(610, 19, '28', 27, '2020-05-08 04:09:09', 'https://www.youtube.com/watch?v=UsaYTlS-vMs'),
(611, 20, '28', 27, '2020-05-08 04:09:09', 'https://www.youtube.com/watch?v=0MWRkx2xjt4'),
(612, 21, '28', 27, '2020-05-08 04:09:09', 'https://www.youtube.com/watch?v=-xfRdKJkDns'),
(613, 22, '28', 27, '2020-05-08 04:09:09', 'https://www.youtube.com/watch?v=mnICi9Kfi_A'),
(614, 23, '28', 27, '2020-05-08 04:09:09', 'https://www.youtube.com/watch?v=MsfUG1extfQ'),
(615, 24, '28', 27, '2020-05-08 04:09:09', 'https://www.youtube.com/watch?v=-qvYwFNrXF8'),
(616, 25, '28', 27, '2020-05-08 04:09:09', 'https://www.youtube.com/watch?v=snxN82Ht8gw'),
(617, 26, '28', 27, '2020-05-08 04:09:09', 'https://www.youtube.com/watch?v=IhlPbnpUMbA'),
(618, 27, '28', 27, '2020-05-08 04:09:09', 'https://www.youtube.com/watch?v=JOSGL4KujaU'),
(619, 28, '28', 27, '2020-05-08 04:09:09', 'https://www.youtube.com/watch?v=TpN0f8u5hvw'),
(620, 29, '28', 27, '2020-05-08 04:09:09', 'https://www.youtube.com/watch?v=Zetzaavw67A'),
(621, 30, '28', 27, '2020-05-08 04:09:09', 'https://www.youtube.com/watch?v=jB6vStxF_mk'),
(622, 1, '12', 28, '2020-05-08 14:10:40', 'https://www.youtube.com/watch?v=3iPZPDIzPAs'),
(623, 2, '12', 28, '2020-05-08 14:10:40', 'https://www.youtube.com/watch?v=RaX_w5vKFsM'),
(624, 3, '12', 28, '2020-05-08 14:10:40', 'https://www.youtube.com/watch?v=ZCzvjB8i_S0'),
(625, 4, '12', 28, '2020-05-08 14:10:40', 'https://www.youtube.com/watch?v=et28l6ifsPU'),
(626, 5, '12', 28, '2020-05-08 14:10:40', 'https://www.youtube.com/watch?v=qYyHtX12iKI'),
(627, 6, '12', 28, '2020-05-08 14:10:41', 'https://www.youtube.com/watch?v=SzwcylG2_CU'),
(628, 7, '12', 28, '2020-05-08 14:10:41', 'https://www.youtube.com/watch?v=cJTtvz_Z2YI'),
(629, 8, '12', 28, '2020-05-08 14:10:41', 'https://www.youtube.com/watch?v=-3D9l_49R_I'),
(630, 9, '12', 28, '2020-05-08 14:10:41', 'https://www.youtube.com/watch?v=vmxLUZg-ZhA'),
(631, 10, '12', 28, '2020-05-08 14:10:41', 'https://www.youtube.com/watch?v=vY6S3XSOLoo'),
(632, 11, '12', 28, '2020-05-08 14:10:41', 'https://www.youtube.com/watch?v=8eOzj-lfUEw'),
(633, 12, '12', 28, '2020-05-08 14:10:41', 'https://www.youtube.com/watch?v=TLZ-lu1809U'),
(634, 13, '12', 28, '2020-05-08 14:10:41', 'https://www.youtube.com/watch?v=ys42Wni8aQM'),
(635, 14, '12', 28, '2020-05-08 14:10:41', 'https://www.youtube.com/watch?v=J5u87mfcwe0'),
(636, 15, '12', 28, '2020-05-08 14:10:41', 'https://www.youtube.com/watch?v=z-6zkcwLn7M'),
(637, 16, '12', 28, '2020-05-08 14:10:41', 'https://www.youtube.com/watch?v=JH7zB5cp-QU'),
(638, 17, '12', 28, '2020-05-08 14:10:41', 'https://www.youtube.com/watch?v=ijk1tS1ROaE'),
(639, 18, '12', 28, '2020-05-08 14:10:41', 'https://www.youtube.com/watch?v=9QJG7HN12jE'),
(640, 19, '12', 28, '2020-05-08 14:10:41', 'https://www.youtube.com/watch?v=1U8mxyhj-aU'),
(641, 20, '12', 28, '2020-05-08 14:10:41', 'https://www.youtube.com/watch?v=IoqM0cC-F2E'),
(642, 21, '12', 28, '2020-05-08 14:10:41', 'https://www.youtube.com/watch?v=EPvjo9Mpr1Y'),
(643, 22, '12', 28, '2020-05-08 14:10:41', 'https://www.youtube.com/watch?v=jwCl5Bl-Ruc'),
(644, 23, '12', 28, '2020-05-08 14:10:41', 'https://www.youtube.com/watch?v=Zp-YinYKdu4'),
(645, 24, '12', 28, '2020-05-08 14:10:42', 'https://www.youtube.com/watch?v=C1Ikqv432GI'),
(646, 25, '12', 28, '2020-05-08 14:10:42', 'https://www.youtube.com/watch?v=2Z7OztHEH-k'),
(647, 26, '12', 28, '2020-05-08 14:10:42', 'https://www.youtube.com/watch?v=OolQy6iEvVw'),
(648, 27, '12', 28, '2020-05-08 14:10:42', 'https://www.youtube.com/watch?v=1DWOC4vBPMU'),
(649, 28, '12', 28, '2020-05-08 14:10:42', 'https://www.youtube.com/watch?v=ahtQfG12LZ0'),
(650, 29, '12', 28, '2020-05-08 14:10:42', 'https://www.youtube.com/watch?v=F3WG1j7LXRs'),
(651, 30, '12', 28, '2020-05-08 14:10:42', 'https://www.youtube.com/watch?v=3ouBWGsw0c8'),
(652, 1, '12', 29, '2020-05-08 14:15:33', 'https://www.youtube.com/watch?v=KzikNAjRCgE'),
(653, 2, '12', 29, '2020-05-08 14:15:33', 'https://www.youtube.com/watch?v=A_bkxtAjgso'),
(654, 3, '12', 29, '2020-05-08 14:15:33', 'https://www.youtube.com/watch?v=C6tUX2Lvtoc'),
(655, 4, '12', 29, '2020-05-08 14:15:33', 'https://www.youtube.com/watch?v=AbHSVdPVjB8'),
(656, 5, '12', 29, '2020-05-08 14:15:33', 'https://www.youtube.com/watch?v=8Ti931NjLVg'),
(657, 6, '12', 29, '2020-05-08 14:15:34', 'https://www.youtube.com/watch?v=piUE8GBiAvg'),
(658, 7, '12', 29, '2020-05-08 14:15:34', 'https://www.youtube.com/watch?v=fgnk5mSxyKI'),
(659, 8, '12', 29, '2020-05-08 14:15:34', 'https://www.youtube.com/watch?v=0OH2rsHJESM'),
(660, 9, '12', 29, '2020-05-08 14:15:34', 'https://www.youtube.com/watch?v=36ozZm9Ad0M'),
(661, 10, '12', 29, '2020-05-08 14:15:34', 'https://www.youtube.com/watch?v=WW3esdVh8DA'),
(662, 11, '12', 29, '2020-05-08 14:15:34', 'https://www.youtube.com/watch?v=_6ujLYr1IY4'),
(663, 12, '12', 29, '2020-05-08 14:15:34', 'https://www.youtube.com/watch?v=ce6b_XDKmEY'),
(664, 13, '12', 29, '2020-05-08 14:15:34', 'https://www.youtube.com/watch?v=x-vCQwBbcKA'),
(665, 14, '12', 29, '2020-05-08 14:15:34', 'https://www.youtube.com/watch?v=Ow6fuRVRJqk'),
(666, 15, '12', 29, '2020-05-08 14:15:34', 'https://www.youtube.com/watch?v=t1taP5nafgw'),
(667, 16, '12', 29, '2020-05-08 14:15:34', 'https://www.youtube.com/watch?v=bNPsXJ5kWQI'),
(668, 17, '12', 29, '2020-05-08 14:15:34', 'https://www.youtube.com/watch?v=VlCDAJID3mg'),
(669, 18, '12', 29, '2020-05-08 14:15:34', 'https://www.youtube.com/watch?v=Kd2QY2OXkw0'),
(670, 19, '12', 29, '2020-05-08 14:15:34', 'https://www.youtube.com/watch?v=q8_PpCEaRdg'),
(671, 20, '12', 29, '2020-05-08 14:15:34', 'https://www.youtube.com/watch?v=_N1bzt1ZmGQ'),
(672, 21, '12', 29, '2020-05-08 14:15:35', 'https://www.youtube.com/watch?v=io0NJ9xYuz8'),
(673, 22, '12', 29, '2020-05-08 14:15:35', 'https://www.youtube.com/watch?v=su0ZRlJ39dY'),
(674, 23, '12', 29, '2020-05-08 14:15:35', 'https://www.youtube.com/watch?v=ynWbD2GiAPs'),
(675, 24, '12', 29, '2020-05-08 14:15:35', 'https://www.youtube.com/watch?v=8M9doYn9d2s'),
(676, 25, '12', 29, '2020-05-08 14:15:35', 'https://www.youtube.com/watch?v=7JDXeGjGMc0'),
(677, 26, '12', 29, '2020-05-08 14:15:35', 'https://www.youtube.com/watch?v=cWjw-Xl12JQ'),
(678, 27, '12', 29, '2020-05-08 14:15:35', 'https://www.youtube.com/watch?v=dVUlPRU4uvQ'),
(679, 28, '12', 29, '2020-05-08 14:15:35', 'https://www.youtube.com/watch?v=I7b4z1ugPjE'),
(680, 29, '12', 29, '2020-05-08 14:15:35', 'https://www.youtube.com/watch?v=WtUxQhS0m_w'),
(681, 30, '12', 29, '2020-05-08 14:15:35', 'https://www.youtube.com/watch?v=LI_G-lR35As'),
(682, 1, '29', 30, '2020-05-08 14:28:53', 'https://www.youtube.com/watch?v=yh9uU1yFjME'),
(683, 2, '29', 30, '2020-05-08 14:28:53', 'https://www.youtube.com/watch?v=qk_v07NTxjM'),
(684, 3, '29', 30, '2020-05-08 14:28:53', 'https://www.youtube.com/watch?v=jVfxY3sgso0'),
(685, 4, '29', 30, '2020-05-08 14:28:53', 'https://www.youtube.com/watch?v=sUlFASD2FHw'),
(686, 5, '29', 30, '2020-05-08 14:28:54', 'https://www.youtube.com/watch?v=zJsuvnaJZEI'),
(687, 6, '29', 30, '2020-05-08 14:28:54', 'https://www.youtube.com/watch?v=NuSKNktDqpA'),
(688, 7, '29', 30, '2020-05-08 14:28:54', 'https://www.youtube.com/watch?v=_WArkbq5CaA'),
(689, 8, '29', 30, '2020-05-08 14:28:54', 'https://www.youtube.com/watch?v=HsoSHjI5jDM'),
(690, 9, '29', 30, '2020-05-08 14:28:54', 'https://www.youtube.com/watch?v=fSRokFSPCcY'),
(691, 10, '29', 30, '2020-05-08 14:28:54', 'https://www.youtube.com/watch?v=Vrj5TKDGZ7w'),
(692, 11, '29', 30, '2020-05-08 14:28:54', 'https://www.youtube.com/watch?v=5AqszEqDrXw'),
(693, 12, '29', 30, '2020-05-08 14:28:54', 'https://www.youtube.com/watch?v=WRsY9idkZig'),
(694, 13, '29', 30, '2020-05-08 14:28:54', 'https://www.youtube.com/watch?v=PCYHybTSVzo'),
(695, 14, '29', 30, '2020-05-08 14:28:54', 'https://www.youtube.com/watch?v=ojwXEu-kpVs'),
(696, 15, '29', 30, '2020-05-08 14:28:54', 'https://www.youtube.com/watch?v=WzxKs01JVDs'),
(697, 16, '29', 30, '2020-05-08 14:28:54', 'https://www.youtube.com/watch?v=mx2b7D3PVuU'),
(698, 17, '29', 30, '2020-05-08 14:28:55', 'https://www.youtube.com/watch?v=1Erdt80CLjE'),
(699, 18, '29', 30, '2020-05-08 14:28:55', 'https://www.youtube.com/watch?v=qao7UfiCrp4'),
(700, 19, '29', 30, '2020-05-08 14:28:55', 'https://www.youtube.com/watch?v=aUOSz2zR3Sw'),
(701, 1, '29', 31, '2020-05-08 14:31:30', 'https://www.youtube.com/watch?v=BdcPEH_pWMA'),
(702, 2, '29', 31, '2020-05-08 14:31:31', 'https://www.youtube.com/watch?v=iPOHBx1Cutg'),
(703, 3, '29', 31, '2020-05-08 14:31:31', 'https://www.youtube.com/watch?v=ECdPpyBZ5Rg'),
(704, 4, '29', 31, '2020-05-08 14:31:31', 'https://www.youtube.com/watch?v=myrxJATqStQ'),
(705, 5, '29', 31, '2020-05-08 14:31:31', 'https://www.youtube.com/watch?v=3ZgY2FiVu48'),
(706, 6, '29', 31, '2020-05-08 14:31:31', 'https://www.youtube.com/watch?v=Cp3j-232nQs'),
(707, 7, '29', 31, '2020-05-08 14:31:31', 'https://www.youtube.com/watch?v=WoCxFdyyqKY'),
(708, 8, '29', 31, '2020-05-08 14:31:31', 'https://www.youtube.com/watch?v=Ickus_kTv0U'),
(709, 9, '29', 31, '2020-05-08 14:31:31', 'https://www.youtube.com/watch?v=vBH9mYZCOpo'),
(710, 10, '29', 31, '2020-05-08 14:31:31', 'https://www.youtube.com/watch?v=digEKLl7lW4'),
(711, 11, '29', 31, '2020-05-08 14:31:31', 'https://www.youtube.com/watch?v=CqmWpyQdcnE'),
(712, 12, '29', 31, '2020-05-08 14:31:31', 'https://www.youtube.com/watch?v=s_Y2-XaTy2A'),
(713, 13, '29', 31, '2020-05-08 14:31:31', 'https://www.youtube.com/watch?v=Ej11ArHaGE8'),
(714, 14, '29', 31, '2020-05-08 14:31:31', 'https://www.youtube.com/watch?v=V1UbEBYXq1c'),
(715, 15, '29', 31, '2020-05-08 14:31:31', 'https://www.youtube.com/watch?v=CdnuuJeHXXs'),
(716, 16, '29', 31, '2020-05-08 14:31:32', 'https://www.youtube.com/watch?v=tbeo1CEt8ts'),
(717, 17, '29', 31, '2020-05-08 14:31:32', 'https://www.youtube.com/watch?v=CjclsyCpdis'),
(718, 18, '29', 31, '2020-05-08 14:31:32', 'https://www.youtube.com/watch?v=DKZ6vr2CMSI'),
(719, 1, '29', 32, '2020-05-08 14:34:23', 'https://www.youtube.com/watch?v=ZE5-VZP0484'),
(720, 2, '29', 32, '2020-05-08 14:34:23', 'https://www.youtube.com/watch?v=USDYfi8bI8c'),
(721, 3, '29', 32, '2020-05-08 14:34:23', 'https://www.youtube.com/watch?v=QQunzYwzp8U'),
(722, 4, '29', 32, '2020-05-08 14:34:23', 'https://www.youtube.com/watch?v=lUy_MiJ7wAY'),
(723, 5, '29', 32, '2020-05-08 14:34:23', 'https://www.youtube.com/watch?v=drwDSNmfJX8'),
(724, 6, '29', 32, '2020-05-08 14:34:23', 'https://www.youtube.com/watch?v=Oy0ihPwzsI4'),
(725, 7, '29', 32, '2020-05-08 14:34:24', 'https://www.youtube.com/watch?v=qIhfuyhLyXU'),
(726, 8, '29', 32, '2020-05-08 14:34:24', 'https://www.youtube.com/watch?v=PU3mre93V2I'),
(727, 9, '29', 32, '2020-05-08 14:34:24', 'https://www.youtube.com/watch?v=L76mSzJN0iw'),
(728, 10, '29', 32, '2020-05-08 14:34:24', 'https://www.youtube.com/watch?v=YlxslLDxQCY'),
(729, 11, '29', 32, '2020-05-08 14:34:24', 'https://www.youtube.com/watch?v=eh7evHUmHqQ'),
(730, 12, '29', 32, '2020-05-08 14:34:24', 'https://www.youtube.com/watch?v=x7QDKovyfH8'),
(731, 13, '29', 32, '2020-05-08 14:34:24', 'https://www.youtube.com/watch?v=caJPegAgya4'),
(732, 14, '29', 32, '2020-05-08 14:34:24', 'https://www.youtube.com/watch?v=2tOhWzpzL2Y'),
(733, 15, '29', 32, '2020-05-08 14:34:24', 'https://www.youtube.com/watch?v=ivXLqUr5oKA'),
(734, 16, '29', 32, '2020-05-08 14:34:24', 'https://www.youtube.com/watch?v=5r8IA8Jnu7o'),
(735, 17, '29', 32, '2020-05-08 14:34:24', 'https://www.youtube.com/watch?v=HZ97mLkssQI'),
(736, 18, '29', 32, '2020-05-08 14:34:24', 'https://www.youtube.com/watch?v=aboGg0C2kXk'),
(737, 19, '29', 32, '2020-05-08 14:34:24', 'https://www.youtube.com/watch?v=MtEYqiZB4V0'),
(738, 20, '29', 32, '2020-05-08 14:34:24', 'https://www.youtube.com/watch?v=nd2zgkwErMU'),
(739, 21, '29', 32, '2020-05-08 14:34:25', 'https://www.youtube.com/watch?v=PL0_-hF04oc'),
(740, 22, '29', 32, '2020-05-08 14:34:25', 'https://www.youtube.com/watch?v=z2ewCHZm9vA'),
(741, 23, '29', 32, '2020-05-08 14:34:25', 'https://www.youtube.com/watch?v=EOkpdOuZwbs');

-- --------------------------------------------------------

--
-- Structure de la table `season`
--

CREATE TABLE `season` (
  `id` int(11) NOT NULL,
  `num` int(11) NOT NULL,
  `date_insert` datetime NOT NULL DEFAULT current_timestamp(),
  `serie_id` int(11) NOT NULL,
  `img` varchar(255) NOT NULL
) ENGINE=InnoDB DEFAULT CHARSET=utf8;

--
-- Déchargement des données de la table `season`
--

INSERT INTO `season` (`id`, `num`, `date_insert`, `serie_id`, `img`) VALUES
(1, 1, '2020-05-05 04:23:31', 1, 'uploads/1588649011.jpg'),
(2, 1, '2020-05-05 05:27:47', 2, 'uploads/1588652867.jpg'),
(3, 1, '2020-05-05 05:34:55', 3, 'uploads/1588653295.jpg'),
(4, 1, '2020-05-05 05:44:54', 4, 'uploads/1588653894.jpg'),
(5, 1, '2020-05-05 13:37:03', 5, 'uploads/1588682223.jpg'),
(6, 1, '2020-05-05 13:37:28', 6, 'uploads/1588682248.jpg'),
(7, 1, '2020-05-05 13:37:56', 7, 'uploads/1588682276.jpg'),
(8, 1, '2020-05-05 13:39:53', 9, 'uploads/1588682393.jpg'),
(9, 1, '2020-05-05 19:02:29', 10, 'uploads/1588701749.jpg'),
(10, 1, '2020-05-05 19:03:08', 11, 'uploads/1588701788.jpg'),
(11, 1, '2020-05-05 19:04:47', 12, 'uploads/1588701887.jpg'),
(12, 1, '2020-05-05 19:05:31', 13, 'uploads/1588701931.jpg'),
(13, 1, '2020-05-07 04:22:56', 14, 'uploads/1588821776.jpg'),
(14, 2, '2020-05-07 04:29:01', 15, 'uploads/1588822141.jpg'),
(15, 1, '2020-05-07 04:35:59', 16, 'uploads/1588822559.jpg'),
(16, 1, '2020-05-07 04:39:40', 17, 'uploads/1588822780.jpg'),
(17, 1, '2020-05-07 13:52:17', 18, 'uploads/1588855936.jpg'),
(18, 3, '2020-05-07 13:57:59', 15, 'uploads/1588856279.jpg'),
(19, 1, '2020-05-07 21:39:26', 15, 'uploads/1588883966.jpg'),
(20, 1, '2020-05-07 21:45:59', 21, 'uploads/1588884359.jpg'),
(21, 1, '2020-05-07 21:52:16', 22, 'uploads/1588884736.jpg'),
(22, 1, '2020-05-07 22:07:07', 23, 'uploads/1588885627.jpg'),
(23, 1, '2020-05-08 03:44:30', 24, 'uploads/1588905870.jpg'),
(24, 1, '2020-05-08 03:53:20', 25, 'uploads/1588906400.jpg'),
(25, 1, '2020-05-08 03:56:37', 26, 'uploads/1588906597.jpg'),
(26, 1, '2020-05-08 04:02:18', 27, 'uploads/1588906938.jpg'),
(27, 1, '2020-05-08 04:08:55', 28, 'uploads/1588907335.jpg'),
(28, 2, '2020-05-08 14:10:27', 12, 'uploads/1588943427.jpg'),
(29, 3, '2020-05-08 14:15:19', 12, 'uploads/1588943719.jpg'),
(30, 1, '2020-05-08 14:27:05', 29, 'uploads/1588944425.jpg'),
(31, 2, '2020-05-08 14:31:21', 29, 'uploads/1588944681.jpg'),
(32, 3, '2020-05-08 14:33:29', 29, 'uploads/1588944809.jpg');

-- --------------------------------------------------------

--
-- Structure de la table `series`
--

CREATE TABLE `series` (
  `id` int(11) NOT NULL,
  `title` varchar(45) NOT NULL,
  `date_insert` datetime DEFAULT current_timestamp(),
  `cat_id` int(11) NOT NULL,
  `img` varchar(255) NOT NULL
) ENGINE=InnoDB DEFAULT CHARSET=utf8;

--
-- Déchargement des données de la table `series`
--

INSERT INTO `series` (`id`, `title`, `date_insert`, `cat_id`, `img`) VALUES
(1, 'ابن باديس', '2020-05-05 04:23:09', 6, 'uploads/1588648989.jpg'),
(2, '7 في الدار', '2020-05-05 05:27:37', 2, 'uploads/1588652857.jpg'),
(3, 'صمت الأبرياء', '2020-05-05 05:34:44', 3, 'uploads/1588653284.jpg'),
(4, 'قلوب في صراع', '2020-05-05 05:44:38', 3, 'uploads/1588653878.jpg'),
(5, 'مصطفى بن بولعيد', '2020-05-05 13:36:49', 6, 'uploads/1588682209.jpg'),
(6, 'بساتين البرتقال', '2020-05-05 13:37:15', 3, 'uploads/1588682235.jpg'),
(7, 'طوق النار', '2020-05-05 13:37:46', 3, 'uploads/1588682266.jpg'),
(9, 'فصول الحياة', '2020-05-05 13:39:43', 3, 'uploads/1588682383.jpg'),
(10, 'بين البارح و اليوم', '2020-05-05 19:02:16', 2, 'uploads/1588701736.jpg'),
(11, 'بصمات الماضي', '2020-05-05 19:02:41', 3, 'uploads/1588701761.jpg'),
(12, 'بيبيش و بيبيشة', '2020-05-05 19:03:27', 2, 'uploads/1588701807.jpg'),
(13, 'دار البهجة', '2020-05-05 19:05:20', 2, 'uploads/1588701920.jpg'),
(14, 'دارنا القديمة', '2020-05-07 04:22:06', 1, 'uploads/1588821726.jpg'),
(15, 'كي النساء كي الرجال', '2020-05-07 04:28:46', 1, 'uploads/1588822126.jpg'),
(16, 'جروح الحياة', '2020-05-07 04:35:45', 1, 'uploads/1588822545.jpg'),
(17, 'الذكرى الأخيرة', '2020-05-07 04:39:20', 1, 'uploads/1588822760.jpg'),
(18, 'حب في قفص الاتهام', '2020-05-07 13:49:38', 1, 'uploads/1588855778.jpg'),
(21, 'كلثوم', '2020-05-07 21:45:43', 1, 'uploads/1588884343.jpg'),
(22, 'الطاكسي المجنون', '2020-05-07 21:52:01', 4, 'uploads/1588884721.jpg'),
(23, 'جحا', '2020-05-07 22:06:42', 1, 'uploads/1588885602.jpg'),
(24, 'DZ Comedy Show', '2020-05-08 03:43:51', 7, 'uploads/1588905831.'),
(25, 'قهوة ميمون', '2020-05-08 03:53:08', 2, 'uploads/1588906388.'),
(26, 'موعد مع القدر', '2020-05-08 03:56:25', 3, 'uploads/1588906585.'),
(27, 'أحلام مؤجلة', '2020-05-08 04:02:08', 3, 'uploads/1588906928.'),
(28, 'دموع القلب', '2020-05-08 04:08:42', 3, 'uploads/1588907322.'),
(29, 'الجمعي فاميلي', '2020-05-08 14:26:48', 2, 'uploads/1588944408.');

-- --------------------------------------------------------

--
-- Structure de la table `users`
--

CREATE TABLE `users` (
  `id` int(11) NOT NULL,
  `username` varchar(45) NOT NULL,
  `email` varchar(45) NOT NULL,
  `pass` varchar(45) NOT NULL,
  `key` varchar(45) NOT NULL,
  `activated` varchar(45) NOT NULL,
  `date_registered` datetime NOT NULL
) ENGINE=InnoDB DEFAULT CHARSET=utf8;

--
-- Index pour les tables déchargées
--

--
-- Index pour la table `category`
--
ALTER TABLE `category`
  ADD PRIMARY KEY (`id`);

--
-- Index pour la table `episodes`
--
ALTER TABLE `episodes`
  ADD PRIMARY KEY (`id`);

--
-- Index pour la table `season`
--
ALTER TABLE `season`
  ADD PRIMARY KEY (`id`);

--
-- Index pour la table `series`
--
ALTER TABLE `series`
  ADD PRIMARY KEY (`id`);

--
-- Index pour la table `users`
--
ALTER TABLE `users`
  ADD PRIMARY KEY (`id`);

--
-- AUTO_INCREMENT pour les tables déchargées
--

--
-- AUTO_INCREMENT pour la table `category`
--
ALTER TABLE `category`
  MODIFY `id` int(11) NOT NULL AUTO_INCREMENT, AUTO_INCREMENT=8;

--
-- AUTO_INCREMENT pour la table `episodes`
--
ALTER TABLE `episodes`
  MODIFY `id` int(11) NOT NULL AUTO_INCREMENT, AUTO_INCREMENT=742;

--
-- AUTO_INCREMENT pour la table `season`
--
ALTER TABLE `season`
  MODIFY `id` int(11) NOT NULL AUTO_INCREMENT, AUTO_INCREMENT=33;

--
-- AUTO_INCREMENT pour la table `series`
--
ALTER TABLE `series`
  MODIFY `id` int(11) NOT NULL AUTO_INCREMENT, AUTO_INCREMENT=30;

--
-- AUTO_INCREMENT pour la table `users`
--
ALTER TABLE `users`
  MODIFY `id` int(11) NOT NULL AUTO_INCREMENT;
COMMIT;

/*!40101 SET CHARACTER_SET_CLIENT=@OLD_CHARACTER_SET_CLIENT */;
/*!40101 SET CHARACTER_SET_RESULTS=@OLD_CHARACTER_SET_RESULTS */;
/*!40101 SET COLLATION_CONNECTION=@OLD_COLLATION_CONNECTION */;
